CODE,NAME,1990.0,1991.0,1992.0,1993.0,1994.0,1995.0,1996.0,1997.0,1998.0,1999.0,2000.0,2001.0,2002.0,2003.0,2004.0,2005.0,2006.0,2007.0,2008.0,2009.0,2010.0,2011.0,2012.0,2013.0,2014.0,2015.0,2016.0,2017.0,2018.0,2019.0,2020.0,2021.0,2022.0,2023.0,2024.0,2025.0
ABW,Aruba,,,,,,,,,,,,,,,,,,,,,,,,,,,,97.0,97.0,95.0,,93.86,91.59,93.2,94.3,
AFG,Afghanistan,20.0,19.0,,25.0,40.0,,42.0,38.0,31.0,31.0,27.0,37.0,35.0,39.0,48.0,50.0,53.0,55.0,59.0,60.0,62.0,75.0,81.0,82.0,88.0,90.0,74.5,78.0,82.0,75.0,76.71,74.27,79.39,77.58,78.0,
AGO,Angola,38.0,39.0,21.0,47.0,44.0,65.0,41.0,78.0,80.0,46.0,,72.0,72.0,62.0,64.0,45.0,48.0,88.0,79.0,77.0,93.0,88.44,97.0,91.0,85.0,80.0,74.0,71.0,79.0,79.8,72.94,64.83,65.87,78.67,68.72,
AIA,Anguilla,99.0,99.0,99.0,99.0,99.0,92.0,99.0,92.0,96.0,99.0,99.0,92.0,,99.0,,92.0,,,,,,,,,,,,79.0,81.0,88.0,80.0,82.0,85.5,70.7,98.2,
ALB,Albania,,80.0,87.0,76.0,90.0,91.0,92.0,95.0,89.0,85.0,95.0,95.0,96.0,93.2,96.2,97.0,95.0,97.0,98.0,97.0,98.9,99.0,98.4,98.7,97.6,97.1,96.3,95.7,94.1,94.9,91.02,,,83.2,80.73,
AND,Andorra,,,,,,,,90.0,90.0,97.0,97.0,97.0,98.0,96.0,97.6,94.0,91.0,94.0,98.0,97.98,98.87,99.43,97.81,95.44,95.72,95.94,97.18,98.99,99.22,99.07,98.33,98.95,97.58,99.0,98.0,
ARE,United Arab Emirates,,82.0,85.0,90.0,90.0,90.0,90.0,95.0,95.0,96.0,94.0,94.0,94.0,94.0,94.0,92.0,92.0,92.0,,,94.0,,110.8,,138.0,100.0,100.0,99.0,100.0,100.0,99.53,99.0,98.0,98.0,98.0,
ARG,Argentina,93.0,109.0,92.0,95.0,96.0,99.0,103.0,93.0,111.0,97.0,91.0,89.0,95.0,96.8,99.1,110.0,97.2,93.6,96.4,103.0,104.9,95.4,94.1,93.6,94.8,89.0,90.23,90.0,94.0,86.0,77.3,86.43,84.61,79.51,82.1,
ARM,Armenia,,,93.0,95.0,95.0,96.0,89.0,92.0,94.0,92.0,91.6,95.5,59.5,93.8,91.5,94.0,92.0,92.0,94.0,96.0,97.0,97.0,97.21,97.18,96.91,97.0,97.03,96.0,95.0,95.0,94.44,94.21,94.65,95.76,96.14,
ASM,American Samoa,63.0,,,,,59.0,61.0,,91.0,98.5,90.0,,,,,,,0.89,86.0,,,77.0,,,,,,,,,,,,,,
ATG,Antigua and Barbuda,89.0,87.0,99.0,99.0,91.0,93.0,99.0,93.0,100.0,99.0,95.0,96.6,127.0,100.0,97.0,100.0,100.0,99.0,106.0,99.4,98.2,99.8,97.9,103.0,102.0,101.94,87.88,100.0,96.0,97.0,,84.8,100.0,94.0,94.0,
AUS,Australia,86.0,,,86.0,86.0,87.0,87.0,87.0,82.0,88.0,91.0,92.0,93.0,94.0,93.0,94.0,94.0,94.0,94.0,93.7,93.94,94.0,94.0,93.72,94.0,95.0,,,,,,92.73,96.01,91.48,,
AUT,Austria,60.0,60.0,60.0,60.0,60.0,60.0,87.0,90.0,,65.0,75.0,79.0,78.0,79.0,74.0,75.0,80.0,79.0,83.0,76.0,,,,,96.0,,95.0,96.0,93.5,95.0,95.0,99.57,95.0,90.0,90.0,
AZE,Azerbaijan,,94.0,83.0,80.0,91.0,95.0,96.0,97.0,98.0,99.0,98.0,99.0,97.46,98.0,98.4,98.0,96.0,97.0,97.0,98.3,97.9,97.8,97.3,98.1,98.1,98.1,97.5,97.6,96.0,97.5,82.26,93.15,92.5,96.23,89.34,
BDI,Burundi,74.0,74.0,69.0,69.0,42.0,49.0,50.0,52.0,44.0,47.0,61.0,54.0,67.0,81.0,78.0,87.0,92.0,102.0,84.0,91.0,92.0,101.0,93.2,98.0,94.0,93.0,93.0,90.0,88.0,92.0,90.0,90.0,89.0,85.9,85.9,
BEL,Belgium,85.0,67.0,87.0,70.0,78.0,85.0,73.0,76.0,80.0,82.0,82.0,82.0,82.0,82.0,82.2,88.0,92.0,92.0,93.38,95.0,95.0,95.0,95.6,96.0,95.56,95.94,95.7,95.7,95.7,96.1,96.1,96.0,96.1,96.1,96.0,
BEN,Benin,73.0,60.0,72.0,69.0,78.0,82.0,74.0,82.0,82.0,91.6,85.0,,88.0,83.0,85.0,85.0,89.0,93.0,89.0,95.0,92.0,95.0,72.0,87.0,87.0,85.0,63.0,74.0,74.0,79.0,67.0,78.0,78.0,78.0,70.0,
BFA,Burkina Faso,,,41.0,42.0,45.0,55.0,54.0,68.0,45.0,29.0,58.99,69.0,64.0,76.0,78.0,84.0,88.0,94.0,101.0,,63.1,63.1,87.3,81.8,88.0,88.0,88.0,88.0,88.0,88.0,88.0,88.0,99.0,93.69,96.54,
BGD,Bangladesh,82.0,83.0,92.0,87.0,95.0,96.0,96.0,97.0,72.0,61.0,61.0,64.0,65.0,69.0,96.0,78.0,84.0,85.0,85.0,87.8,89.0,86.0,89.0,88.7,90.1,90.1,91.7,92.0,92.0,92.8,92.8,92.8,,88.6,86.1,
BGR,Bulgaria,100.0,98.0,92.0,88.0,93.0,94.0,95.0,93.0,95.0,96.0,88.6,89.98,92.0,95.5,94.0,96.0,96.0,96.0,96.0,96.1,96.5,94.0,94.0,95.1,93.2,91.5,92.1,93.8,92.9,39.4,88.3,89.48,91.2,91.6,94.2,
BHR,Bahrain,87.0,88.0,87.0,90.0,93.0,95.0,95.0,94.0,100.0,94.0,98.4,98.0,99.0,100.0,98.8,100.0,100.0,100.0,100.0,99.8,100.0,100.0,99.89,100.0,100.0,100.0,100.0,100.0,100.0,100.0,100.0,100.0,100.0,100.0,100.0,
BHS,Bahamas,99.0,99.0,94.0,88.0,88.0,90.0,92.0,93.0,92.0,86.0,92.93,94.0,94.0,90.0,89.0,85.0,88.0,96.0,90.0,97.5,93.6,90.4,91.2,91.5,92.0,94.0,88.6,90.0,89.0,83.0,86.71,82.4,80.43,86.34,86.34,
BIH,Bosnia and Herzegovina,,,52.0,48.0,57.0,53.4,,86.0,84.0,83.0,80.4,91.9,89.0,,88.0,90.0,90.0,96.0,84.0,,92.2,,94.0,,89.1,,,,68.4,79.0,,60.59,58.14,55.2,60.24,
BLR,Belarus,96.0,95.0,94.0,96.0,97.0,93.0,96.0,97.0,98.0,98.0,98.2,,,98.8,99.0,99.0,97.0,99.0,99.0,98.8,98.6,99.0,98.0,99.0,99.0,99.0,98.2,97.4,98.3,98.2,97.22,97.66,98.27,97.05,98.25,
BLZ,Belize,86.0,76.0,69.0,80.0,82.0,83.0,81.0,85.0,84.0,82.0,96.0,94.0,88.0,96.0,97.0,95.0,100.0,96.0,96.0,97.0,98.0,98.0,96.0,99.0,95.0,96.41,95.02,90.0,97.0,96.0,81.85,79.44,80.8,92.97,83.54,
BMU,Bermuda,63.0,83.0,71.0,74.0,93.0,86.0,85.0,88.0,,,,,,77.0,98.0,,,89.0,,,,,,,,,,87.0,87.0,108.0,98.86,91.67,85.22,95.31,108.58,
BOL,Bolivia (Plurinational State of),53.0,73.0,80.0,81.0,89.0,83.0,86.0,99.0,77.0,99.0,100.0,106.9,100.0,100.0,90.0,89.0,88.0,83.0,86.7,86.2,79.4,83.8,84.4,82.8,86.0,94.92,93.52,83.0,89.0,79.0,74.42,74.75,68.8,68.12,66.74,
BON,Bonaire,,,,,,,,,,,,,,,,,,,,,,,,,,,,,,,,,,,84.19,
BRA,Brazil,78.0,85.0,91.0,85.0,77.0,87.0,80.0,100.0,95.0,99.0,100.0,100.0,96.0,119.0,111.0,107.0,105.0,107.0,100.0,104.0,100.0,102.0,99.0,107.0,112.0,96.07,95.41,87.0,92.0,91.0,79.45,73.46,80.66,86.76,92.78,
BRB,Barbados,87.0,92.0,90.0,92.0,97.0,92.0,100.0,92.0,97.0,86.0,94.0,93.0,91.0,90.0,98.0,93.0,92.0,75.0,94.0,93.7,84.52,93.0,90.0,,95.0,96.22,91.95,92.0,85.0,101.0,89.38,76.55,85.06,89.47,88.0,89.01
BRN,Brunei Darussalam,,,92.0,100.0,,,,98.0,100.0,94.4,99.0,104.0,,98.0,99.0,98.0,97.0,97.0,100.0,,94.0,,,96.0,,96.0,98.0,97.0,99.0,97.0,99.0,99.43,97.27,97.42,98.85,
BTN,Bhutan,79.0,89.0,60.0,61.0,81.0,85.0,85.0,84.0,71.0,77.0,,78.0,78.0,,87.0,93.0,90.0,95.0,99.0,98.0,95.0,95.0,95.0,94.0,97.2,97.0,97.0,97.0,97.0,97.0,92.7,96.9,97.07,98.69,97.36,
BWA,Botswana,55.0,52.0,58.0,59.0,,72.0,82.0,79.0,80.0,74.0,84.0,77.0,79.0,90.0,86.0,113.0,121.0,79.0,95.0,93.0,94.0,103.0,108.0,93.0,93.0,76.5,90.0,73.0,93.0,93.0,,,,,,
CAF,Central African Republic,67.0,62.0,57.0,,37.0,72.0,46.0,46.0,39.0,37.53,33.5,29.0,39.0,36.0,70.0,65.0,108.0,104.0,61.0,93.9,62.3,80.0,65.0,29.0,59.0,50.0,65.0,50.0,72.0,55.0,81.58,77.9,71.0,101.86,104.26,
CAN,Canada,,,,96.0,97.0,96.0,97.0,96.0,96.0,,,,95.0,95.0,94.0,96.0,92.7,94.0,93.0,91.0,90.0,88.0,89.0,90.0,90.0,89.0,89.0,90.0,90.2,90.0,90.0,90.0,92.0,92.0,92.0,
CHE,Switzerland,90.0,83.0,83.0,83.0,83.0,83.0,83.0,83.0,81.0,82.0,82.0,82.0,82.0,82.0,82.0,87.0,87.0,87.0,92.0,92.0,92.0,93.0,93.0,93.0,94.0,94.13,93.63,95.11,95.0,95.3,97.1,95.0,96.0,95.0,96.0,
CHL,Chile,97.0,99.0,89.0,94.0,96.0,97.0,93.0,96.0,98.0,94.0,97.3,96.0,95.0,96.0,94.0,90.0,91.0,92.0,96.0,92.7,92.7,90.8,89.9,89.5,97.0,96.4,92.75,93.0,93.0,95.0,90.88,92.32,93.9,93.58,93.3,
CHN,China,98.0,96.0,94.0,94.0,89.0,93.0,97.0,96.0,97.0,85.0,,78.69,,,,86.0,93.0,94.0,,,,,,,,,,,,,99.22,99.43,99.13,97.11,98.75,
CIV,Côte d'Ivoire,,57.0,54.0,52.0,47.0,57.0,65.0,68.0,66.0,57.0,62.0,60.0,76.0,47.0,49.0,50.0,73.0,67.0,63.0,67.0,64.0,49.0,85.0,85.0,71.0,80.0,88.0,86.0,92.0,92.0,85.99,88.2,85.48,93.0,98.0,
CMR,Cameroon,36.0,35.0,37.0,32.0,38.0,46.0,39.0,43.0,47.0,46.0,,47.0,53.0,61.0,64.0,68.0,73.0,74.0,80.0,73.9,79.13,76.03,81.76,71.0,71.0,71.0,72.0,67.0,61.0,61.0,63.0,65.0,68.0,71.0,71.0,
COD,Democratic Republic of the Congo,37.0,17.0,,33.0,33.0,27.0,21.0,20.0,20.0,15.0,46.0,37.0,45.0,54.0,64.0,70.0,73.0,79.0,77.0,65.0,66.0,66.0,69.0,68.0,69.0,65.0,63.0,65.0,64.0,65.0,62.0,55.0,56.0,52.0,55.0,
COG,Congo,77.0,60.0,54.0,55.0,,42.0,64.0,18.0,,23.0,34.0,35.0,37.0,50.0,65.0,56.0,66.0,67.0,79.0,76.0,90.0,90.0,80.0,80.0,80.0,80.0,69.0,80.0,83.0,83.0,68.0,67.52,64.74,75.0,85.0,
COK,Cook Islands,67.0,94.0,87.0,100.0,72.0,96.0,72.0,88.0,97.0,84.0,76.0,83.0,95.0,100.0,107.0,131.0,111.0,98.0,95.0,78.0,99.0,89.0,97.0,97.0,98.0,99.0,90.0,98.0,100.0,100.0,,,,,99.0,
COL,Colombia,82.0,78.0,74.0,94.0,84.0,95.0,90.0,80.0,78.0,79.0,88.0,93.0,93.0,92.0,94.0,96.0,95.4,93.0,92.4,95.2,88.5,87.6,93.8,92.4,91.26,94.02,92.61,93.1,95.0,95.0,90.5,86.4,88.01,92.55,92.78,
COM,Comoros,87.0,40.0,51.0,56.0,,69.0,43.0,49.0,67.0,,70.0,70.0,71.0,67.0,76.0,67.0,66.0,65.0,76.0,,,87.0,85.0,82.0,80.0,81.0,90.1,90.0,90.0,90.0,90.0,90.0,85.6,,70.0,
CPV,Cabo Verde,79.0,90.0,91.0,95.0,,66.0,66.0,82.0,66.0,60.7,80.0,72.0,,76.0,69.0,65.0,65.0,74.0,77.0,72.0,96.75,96.42,91.1,90.71,93.23,91.65,93.0,96.0,99.34,97.5,,104.0,100.8,,98.5,
CRI,Costa Rica,90.0,96.0,69.0,89.0,87.0,91.0,84.0,99.0,83.0,88.0,82.1,82.0,94.0,87.62,87.7,89.0,90.0,90.0,89.0,80.6,85.0,82.8,90.0,91.0,95.0,93.0,93.13,96.0,94.0,95.0,94.89,88.8,90.2,93.28,102.01,
CUB,Cuba,94.0,99.0,99.0,96.0,99.0,99.0,99.0,96.0,99.0,96.0,93.9,114.1,93.0,104.7,99.0,98.0,96.0,102.0,103.0,101.4,100.8,103.0,101.2,102.6,102.0,101.0,99.85,100.0,100.0,100.0,97.8,99.89,99.96,99.95,99.94,
CUW,Curaçao,,,,,,,,,,,,,,,,,,,,,,,,,,,,78.0,89.0,92.0,,,,,,
CYM,Cayman Islands,82.0,78.0,99.0,90.0,91.0,95.0,89.0,93.0,94.0,90.0,89.14,,,,,,,,,,,,,,,,,92.0,90.0,,81.71,84.59,91.8,93.87,92.18,
CYP,Cyprus,,,,,,83.0,90.0,90.0,,,85.5,,85.5,86.3,86.3,86.0,87.0,87.0,87.0,87.0,87.0,87.0,86.0,86.0,86.0,90.2,90.2,90.2,90.2,86.2,86.4,86.4,85.62,81.5,99.0,
CZE,Czechia,,,,98.0,97.0,96.0,97.0,96.0,95.0,97.0,,,,99.1,96.9,97.0,,98.0,97.0,,98.26,,,,,,97.51,96.98,96.41,92.43,,96.5,96.5,86.97,89.21,
DEU,Germany,50.0,70.0,75.0,75.0,75.0,75.0,75.0,75.0,89.0,90.0,92.0,91.0,91.0,92.0,92.0,93.0,94.0,95.0,95.0,95.9,96.0,96.4,96.6,96.7,96.7,96.8,96.8,97.1,97.1,97.2,97.24,97.52,95.6,96.0,96.1,
DJI,Djibouti,85.0,79.0,83.0,42.0,59.0,58.0,47.0,59.0,21.0,23.0,49.59,49.05,62.07,65.57,60.0,65.0,67.0,74.0,73.0,84.0,85.0,84.0,83.0,80.0,71.2,74.0,75.0,78.58,85.79,82.67,61.99,49.63,69.1,95.06,94.01,
DMA,Dominica,88.0,98.0,99.0,99.0,99.0,100.0,100.0,100.0,98.0,99.0,99.3,,99.0,100.0,99.0,98.0,102.0,96.0,100.0,106.5,100.5,99.3,98.8,93.1,94.0,96.48,95.79,77.0,84.0,92.0,91.69,87.91,87.4,97.61,80.39,
DNK,Denmark,84.0,86.0,85.0,81.0,88.0,88.0,85.0,84.0,91.0,92.0,100.0,94.0,102.0,96.0,96.0,95.0,90.0,89.0,,84.0,85.0,87.0,90.0,89.0,90.0,91.0,94.0,97.0,95.2,96.0,94.4,94.8,94.8,94.7,94.0,
DOM,Dominican Republic,96.0,69.0,75.0,96.0,86.0,96.0,80.0,82.0,95.0,96.0,87.9,98.0,92.0,84.0,94.0,105.0,102.0,96.0,96.0,89.0,88.0,87.7,87.7,83.36,88.0,89.83,85.17,86.0,95.0,96.0,82.25,87.91,100.66,94.0,94.78,
DZA,Algeria,53.0,74.0,68.0,69.0,69.0,77.0,75.0,74.0,75.0,83.0,80.0,83.0,81.0,84.0,81.0,83.0,91.0,92.0,88.0,,95.0,95.0,95.0,95.0,95.0,95.0,95.0,95.0,80.0,,,,,,,
ECU,Ecuador,60.0,54.0,69.0,73.0,72.0,73.0,79.0,75.0,89.0,99.0,84.0,,79.8,99.0,99.5,93.0,97.0,103.0,98.0,112.95,110.76,94.0,101.32,97.0,85.0,83.58,85.52,80.61,83.0,83.0,80.52,65.35,73.97,97.0,87.0,
EGY,Egypt,87.0,89.0,89.0,89.0,92.0,89.0,92.0,92.0,98.0,95.5,97.6,,,,96.6,98.0,98.0,97.0,92.0,95.4,96.1,96.1,93.0,96.3,93.0,92.4,95.0,93.8,94.4,94.6,93.78,95.91,95.86,95.67,96.82,
ERI,Eritrea,,,,,,29.0,38.0,53.0,52.0,55.3,50.0,65.0,65.0,75.0,80.0,80.0,80.0,80.0,80.0,80.0,85.0,95.0,,,90.0,85.0,93.0,93.0,93.0,93.0,93.0,93.0,93.0,93.0,93.0,
ESP,Spain,99.0,85.0,83.0,90.0,90.0,90.0,90.0,93.0,93.0,95.0,94.0,96.0,97.0,98.0,97.0,97.0,97.0,97.0,98.0,97.5,95.1,96.8,97.4,95.3,96.1,96.1,96.52,98.0,97.88,97.9,96.28,95.38,97.24,96.13,96.65,
EST,Estonia,82.0,78.0,75.0,74.0,76.0,81.0,86.0,88.0,89.0,92.0,93.0,95.0,95.0,95.0,96.0,96.0,96.0,96.0,95.0,95.0,95.1,93.9,94.0,93.7,93.4,93.17,93.2,93.0,86.9,88.0,90.78,89.42,78.0,84.4,83.34,
ETH,Ethiopia,38.0,17.0,12.0,21.0,28.0,38.0,34.0,33.0,46.0,32.0,37.0,40.0,42.0,44.0,56.0,59.0,63.0,65.0,74.0,75.0,81.1,82.0,80.0,78.0,80.64,92.14,93.0,91.5,88.0,91.0,93.0,87.49,89.34,94.68,99.0,
FIN,Finland,97.0,97.0,99.0,99.0,99.0,98.0,98.0,96.0,96.0,96.0,96.0,96.0,95.8,97.0,97.0,97.0,97.0,98.0,97.0,98.5,,96.6,97.0,97.4,,95.4,94.5,94.3,96.2,96.0,95.3,93.0,94.0,94.0,95.0,
FJI,Fiji,72.0,93.0,,96.0,67.0,94.0,94.0,75.0,75.0,,,90.0,,91.0,61.8,70.0,100.0,81.0,94.0,,,82.1,90.0,96.0,91.0,95.0,95.0,96.0,81.0,82.5,82.21,,85.0,95.23,90.5,
FRA,France,71.0,74.0,76.0,78.0,80.0,83.0,84.0,83.0,82.0,83.0,84.0,85.0,86.0,87.0,88.0,87.0,89.0,90.0,89.0,,70.0,89.0,91.0,90.0,91.0,91.0,90.0,90.3,91.0,92.0,94.0,94.0,95.0,95.1,,
FSM,Micronesia (Federated States of),81.0,76.0,,80.0,83.0,90.0,,74.0,82.0,79.0,85.0,84.0,,91.0,85.0,96.0,83.0,92.0,86.0,86.0,80.0,92.0,90.85,91.31,93.9,74.0,70.0,76.0,73.0,78.0,78.65,64.49,71.8,85.67,81.47,
GAB,Gabon,76.0,71.0,66.0,65.0,52.0,57.0,57.0,32.0,38.0,30.0,27.0,24.0,30.0,37.0,37.0,30.0,44.0,62.0,67.0,63.0,62.0,72.0,71.0,70.0,61.0,68.0,64.0,63.0,59.0,62.0,52.69,64.2,51.71,65.94,57.32,
GBR,United Kingdom of Great Britain and Northern Ireland,89.0,90.0,92.0,92.0,92.0,92.0,92.0,91.0,87.0,88.0,88.0,85.0,85.0,82.0,81.0,82.0,85.0,86.0,86.0,86.0,89.0,90.0,92.0,93.0,93.0,92.8,92.0,92.0,92.0,91.0,91.08,90.9,89.8,89.8,89.38,
GEO,Georgia,98.8,80.9,16.0,61.1,63.0,61.1,88.0,95.0,90.0,97.0,97.0,99.9,99.1,76.0,86.0,90.0,96.0,97.0,97.0,82.7,94.3,91.0,93.0,96.5,92.0,96.0,93.0,95.0,98.0,100.0,90.91,90.11,90.05,95.0,90.0,
GHA,Ghana,52.0,40.0,43.0,50.0,49.0,54.0,53.0,59.0,67.0,72.6,84.0,,,80.0,83.0,83.0,85.0,95.0,86.0,93.0,93.0,91.0,88.5,89.0,92.0,89.3,89.4,95.0,92.0,92.0,,94.0,94.57,90.0,90.0,
GIN,Guinea,25.0,39.0,56.0,,69.0,69.0,49.0,56.0,58.0,61.0,59.0,59.0,61.0,75.0,73.0,82.0,90.0,94.0,90.0,87.11,90.0,90.0,101.0,90.0,61.8,60.0,63.5,65.0,75.0,80.0,85.0,60.0,47.0,52.0,60.0,
GMB,Gambia,86.0,87.0,83.0,87.0,89.0,91.0,94.0,,,,,,95.0,95.0,95.0,95.0,95.0,85.0,87.0,88.0,89.0,91.0,95.0,94.0,96.0,97.0,97.0,90.0,91.0,85.0,,,73.56,80.19,83.26,
GNB,Guinea-Bissau,53.0,52.0,61.0,52.0,68.0,45.0,49.0,51.0,,19.0,,48.0,47.0,61.0,80.0,80.0,60.0,80.0,64.0,79.0,78.0,78.0,90.0,89.0,81.0,90.0,71.0,66.0,79.0,79.0,90.0,93.0,63.0,63.0,65.0,
GNQ,Equatorial Guinea,,,64.0,53.0,,61.0,61.0,82.0,,24.0,18.5,52.0,51.0,36.0,33.0,24.0,25.0,37.0,76.0,77.0,,50.0,34.0,41.0,43.0,26.0,28.99,52.82,39.0,51.0,62.0,53.39,49.28,60.62,52.56,
GRC,Greece,76.0,72.0,72.0,72.0,70.0,70.0,90.0,90.0,,88.0,,,,,,,,99.0,99.0,98.9,,98.9,98.9,98.9,97.3,97.3,97.3,97.3,97.3,97.3,97.3,97.3,,90.86,90.86,
GRD,Grenada,85.0,96.0,73.0,100.0,87.0,88.0,85.0,92.0,97.0,94.0,91.93,99.0,96.0,99.24,74.6,100.0,98.0,98.0,100.0,107.6,97.1,101.7,94.0,101.8,94.0,98.59,94.9,85.0,84.0,94.0,82.82,,75.57,82.24,83.2,
GTM,Guatemala,68.0,49.0,59.0,71.0,66.0,83.0,69.0,74.0,79.0,83.0,86.0,91.0,92.0,94.0,95.0,93.0,95.0,86.0,96.0,91.96,92.8,89.2,93.0,91.0,68.0,98.0,89.0,94.0,89.0,90.0,89.16,88.45,85.83,89.44,90.06,
GUM,Guam,57.0,,,,100.0,94.0,71.0,86.0,94.0,93.0,90.0,86.0,,84.0,82.0,81.0,,,,,,,51.0,51.0,,84.9,91.7,90.0,82.5,,,,,,,
GUY,Guyana,73.0,76.0,73.0,92.0,83.0,77.0,91.0,82.0,93.0,87.0,86.0,92.0,93.0,89.0,88.0,92.0,90.0,96.0,95.0,97.0,95.0,98.0,99.1,100.0,100.0,100.5,100.87,100.0,98.0,98.0,105.86,94.82,102.93,103.0,100.0,
HKG,"China, Hong Kong SAR",80.0,79.0,77.0,80.0,,72.0,82.0,82.0,82.0,99.0,83.0,83.6,,80.52,,,,,,,,95.0,95.0,95.0,95.0,95.0,95.0,95.0,95.0,95.0,95.0,95.0,95.0,95.0,99.7,
HND,Honduras,90.0,86.0,89.0,94.0,93.0,89.0,91.0,89.0,98.0,98.0,98.0,99.0,97.0,95.0,92.0,96.0,97.0,96.0,95.0,99.8,100.8,107.3,93.3,89.06,88.11,98.48,102.23,98.0,91.0,89.0,82.17,80.65,76.84,77.19,78.59,
HRV,Croatia,91.5,88.7,89.7,90.5,89.9,92.0,91.6,91.0,90.9,92.4,93.2,93.6,94.7,94.5,95.72,95.5,95.0,96.0,95.5,,96.0,96.0,94.8,93.9,93.7,92.8,89.6,89.0,93.2,,91.16,89.27,89.99,90.08,90.05,
HTI,Haiti,31.0,,24.0,24.0,24.0,32.0,,30.0,42.0,85.0,109.08,53.0,47.0,53.0,64.19,62.25,66.0,60.0,,18.79,51.43,68.8,78.7,93.26,79.07,79.48,90.49,74.93,87.98,84.13,83.51,72.89,75.84,93.69,87.28,
HUN,Hungary,99.0,100.0,100.0,99.0,99.0,100.0,100.0,100.0,100.0,100.0,100.0,100.0,99.9,,,100.0,100.0,100.0,100.0,,,,,,,,,,,,,,99.83,99.86,99.84,
IDN,Indonesia,85.4,88.6,90.3,89.2,92.0,82.0,91.7,93.3,90.9,88.3,73.0,75.7,43.7,90.0,78.0,91.0,88.0,88.0,83.0,82.0,88.6,89.0,83.5,89.0,94.7,87.05,88.0,89.7,84.65,88.0,76.0,76.0,92.0,82.0,85.0,
IND,India,90.9,85.0,85.8,88.5,87.2,82.6,83.2,81.0,66.0,56.0,56.0,57.0,56.0,60.0,64.0,68.0,69.0,70.0,72.0,78.0,82.0,84.0,83.0,83.0,,87.29,88.0,90.0,100.0,95.25,88.57,89.0,95.0,93.35,96.8,
IRL,Ireland,,,,,,,,,77.0,77.0,79.0,73.0,73.0,78.0,81.0,84.0,86.0,87.0,89.0,90.4,90.0,92.0,92.0,93.0,92.97,92.76,92.0,92.0,92.34,91.0,91.81,90.37,90.0,89.48,89.67,
IRN,Iran (Islamic Republic of),85.0,84.0,96.0,96.0,97.0,95.0,100.0,95.0,100.0,99.0,100.0,96.0,100.0,99.0,96.0,94.0,99.0,97.0,98.0,99.0,99.0,99.0,98.0,98.0,99.0,99.0,99.0,99.0,99.0,99.0,99.0,99.75,99.0,99.7,99.0,
IRQ,Iraq,83.0,68.0,95.0,87.0,88.0,95.0,97.0,98.0,79.0,94.0,93.0,80.0,80.0,68.0,92.8,85.0,78.0,80.0,91.0,97.0,89.4,90.6,83.2,78.0,73.0,71.4,79.0,81.0,85.0,82.0,75.6,75.06,87.83,107.38,101.39,
ISL,Iceland,99.0,99.0,99.0,99.0,98.0,99.0,99.9,100.0,,,91.0,88.0,,93.0,93.0,90.0,95.0,95.0,96.0,92.0,93.0,94.0,90.0,91.3,90.0,93.0,91.0,92.0,93.0,93.0,92.89,91.57,91.44,91.28,97.23,
ISR,Israel,91.0,94.0,94.0,92.0,92.0,93.0,96.0,97.0,97.0,97.0,97.0,96.0,98.0,96.0,97.0,94.0,96.0,97.0,98.0,97.0,96.0,97.0,96.0,98.0,97.0,98.0,97.0,98.0,98.4,99.0,98.77,98.8,98.09,,,
ITA,Italy,43.0,50.0,50.0,50.0,50.0,50.0,50.0,55.0,55.0,70.0,74.0,77.0,81.0,84.0,86.0,87.0,88.0,90.0,90.0,90.0,91.0,90.1,90.0,90.0,87.0,85.0,,,,,91.85,93.84,94.4,94.64,94.77,
JAM,Jamaica,74.0,77.0,63.0,80.0,82.0,90.0,96.0,88.0,85.0,82.0,88.1,85.0,85.7,79.0,86.0,84.0,87.0,76.0,88.0,88.0,89.0,87.8,92.6,94.0,92.0,90.84,94.94,95.0,89.0,94.0,93.1,87.83,90.74,92.6,93.69,
JOR,Jordan,87.0,85.0,91.0,88.0,91.0,92.0,98.0,95.0,93.0,83.0,94.0,99.0,95.0,96.0,99.0,95.0,100.0,95.0,95.0,95.0,98.0,98.0,98.0,97.0,98.0,94.0,96.0,93.0,92.0,87.0,76.45,,86.36,95.0,100.47,
JPN,Japan,66.0,71.0,69.0,68.0,,93.0,94.0,94.0,,,96.4,98.0,104.5,102.0,102.0,98.0,97.0,98.0,,,,,95.7,95.3,97.5,95.5,96.4,102.5,97.18,96.0,98.49,95.41,,,94.78,
KAZ,Kazakhstan,95.0,91.0,89.0,91.0,91.0,95.0,97.0,97.0,100.0,100.0,99.0,95.0,95.0,99.5,98.9,100.0,99.0,100.0,100.0,99.0,99.0,99.6,95.9,100.0,99.0,100.0,99.4,100.1,99.0,99.0,92.9,,95.0,99.8,,
KEN,Kenya,41.0,37.0,36.0,38.0,47.0,73.0,65.0,32.0,61.0,79.2,46.0,74.0,78.0,72.0,73.0,69.0,77.0,80.0,90.0,74.0,86.0,87.0,93.0,79.0,79.0,75.12,75.0,67.83,79.0,81.45,83.19,83.96,83.0,85.0,82.0,
KGZ,Kyrgyzstan,,94.3,94.0,92.9,88.3,97.1,98.0,98.0,98.0,99.3,97.8,98.9,98.0,99.7,99.3,99.0,97.0,99.0,99.0,,98.9,97.2,98.0,98.6,95.6,99.0,97.0,94.7,96.2,96.1,91.71,93.38,94.45,96.23,90.8,
KHM,Cambodia,34.0,39.0,33.0,36.0,53.0,75.0,72.0,68.0,63.0,63.0,65.4,58.8,52.1,65.0,80.0,79.0,78.0,79.0,89.0,,,93.0,93.38,90.24,94.0,95.0,122.65,,,,107.0,,,,,
KIR,Kiribati,75.0,62.0,77.0,89.0,70.0,47.0,64.0,82.0,77.0,62.1,80.0,,,79.1,,85.0,61.0,93.0,72.0,81.5,89.0,,91.0,91.0,,84.0,,81.0,84.0,94.12,81.82,80.16,84.64,,99.67,88.82
KNA,Saint Kitts and Nevis,100.0,100.0,99.0,100.0,100.0,99.0,100.0,97.0,100.0,99.0,100.0,90.0,100.0,98.0,98.0,100.0,100.0,99.0,99.0,102.5,101.5,102.1,95.4,99.0,93.0,95.4,98.0,93.0,96.0,97.0,95.44,96.01,94.69,95.26,95.41,
KOR,Republic of Korea,93.0,,,,92.0,93.0,,85.0,85.0,,95.0,,,96.0,99.5,100.0,100.0,92.0,92.0,93.0,98.0,99.2,99.4,99.6,99.6,97.7,98.0,,97.8,97.9,98.0,98.0,97.0,97.0,97.0,
KWT,Kuwait,,,,95.0,98.0,98.0,99.0,95.0,99.0,95.7,98.8,,,97.0,,110.0,,,,,98.0,99.0,99.0,,94.25,93.2,99.0,99.0,98.0,,,94.0,99.0,98.54,98.39,
LAO,Lao People's Democratic Republic,32.0,47.0,46.0,46.0,73.0,68.0,73.0,67.0,71.0,71.0,41.8,50.0,55.0,42.0,36.0,41.0,70.0,40.0,52.0,59.0,,,71.65,82.0,87.0,99.0,87.0,92.0,92.0,88.79,85.48,79.25,81.58,86.41,71.94,
LBN,Lebanon,39.0,51.0,63.0,65.0,,85.0,85.0,89.0,91.0,98.9,90.0,90.0,96.0,96.0,,54.0,26.0,55.0,89.0,93.4,95.0,97.9,98.0,99.01,97.5,90.89,90.0,90.51,92.0,92.93,85.0,77.9,,91.86,73.55,
LBR,Liberia,,,,,,44.0,44.0,28.0,31.0,34.9,52.0,78.0,57.0,53.0,42.0,94.0,94.0,95.0,95.0,95.0,72.0,71.0,80.0,74.0,58.0,64.0,80.0,87.0,91.0,85.0,78.34,74.89,95.86,99.0,80.45,
LBY,Libya,89.0,87.0,88.0,91.0,92.0,92.0,93.0,91.0,92.0,92.0,,,,,100.0,97.0,98.0,98.0,98.0,98.0,,,98.0,,98.0,98.0,97.0,,97.0,97.0,97.0,97.0,97.0,92.33,89.0,
LCA,Saint Lucia,82.0,97.0,75.0,94.0,92.0,94.0,95.0,95.0,90.0,95.0,88.0,89.0,98.0,90.0,95.0,94.0,94.0,94.0,100.0,101.1,95.1,91.0,103.0,101.3,102.0,96.52,104.98,87.0,86.0,96.0,89.4,76.67,81.27,84.6,83.14,
LKA,Sri Lanka,80.0,79.0,82.0,86.0,84.0,87.0,89.0,94.0,94.0,95.0,99.2,104.5,99.0,99.5,96.0,99.0,99.0,98.0,98.0,97.0,99.0,99.0,99.0,99.0,99.0,99.0,99.0,99.0,99.0,99.0,95.66,96.57,98.82,98.76,99.06,
LSO,Lesotho,79.8,69.5,60.3,83.6,49.3,43.8,39.0,45.0,56.0,63.1,,63.0,53.0,55.0,59.0,67.0,80.0,80.0,80.0,70.0,70.0,61.0,60.0,61.0,58.0,66.0,60.0,76.0,61.0,101.0,85.93,90.2,84.0,76.08,90.29,
LTU,Lithuania,,,89.0,92.0,93.0,94.0,96.0,96.0,97.0,97.0,97.0,97.4,97.9,97.7,97.7,97.0,97.0,97.0,97.0,96.0,96.1,94.0,93.0,93.25,93.36,94.15,94.0,93.5,92.2,92.7,90.09,88.41,86.53,87.08,86.17,
LUX,Luxembourg,80.0,80.0,80.0,,,,91.0,91.0,,,,,,95.4,95.4,95.4,95.4,96.2,96.2,96.2,96.2,96.2,99.0,99.0,99.0,99.0,99.0,99.0,98.7,96.2,99.0,99.0,,99.7,,
LVA,Latvia,97.0,96.0,95.0,80.0,81.0,81.0,96.0,97.0,97.0,97.0,97.0,98.0,98.0,104.0,102.0,102.0,98.0,95.0,96.0,92.0,95.0,92.0,90.0,96.0,95.0,95.99,93.25,96.44,98.0,99.0,99.0,96.52,96.22,101.33,98.3,
MAC,"China, Macao SAR",57.0,55.0,73.0,77.0,76.0,82.0,,85.0,92.0,91.6,89.7,89.75,,90.0,91.1,90.9,,89.9,89.7,90.8,,,92.7,92.7,93.3,93.1,93.5,93.6,94.9,98.0,97.61,96.12,97.44,97.34,96.93,
MAR,Morocco,79.0,80.0,81.0,83.0,87.0,88.0,93.0,92.0,91.0,90.0,93.0,96.0,94.0,90.0,95.0,97.0,95.0,95.0,96.0,98.0,98.0,100.0,100.0,99.0,99.0,100.0,100.0,100.0,100.0,100.0,,,100.0,,98.0,
MCO,Monaco,100.0,98.0,,,,,,,,100.0,,,85.0,,,,,,,,,,,,,,,88.0,88.0,88.0,,88.0,88.0,,,
MDA,Republic of Moldova,94.0,93.0,73.0,64.0,85.0,91.0,90.0,95.0,93.0,93.0,89.0,94.0,94.0,96.0,96.0,97.0,96.0,96.0,95.0,91.3,97.1,91.0,90.8,90.8,89.8,88.9,87.7,92.91,93.0,96.92,84.26,83.19,84.19,85.0,83.91,
MDG,Madagascar,57.0,47.0,51.0,54.0,55.0,64.0,68.0,57.0,56.0,73.0,81.0,29.0,61.0,86.0,98.0,84.0,84.0,97.0,91.0,84.86,88.0,84.77,84.5,86.0,86.69,80.97,97.45,,85.0,91.51,87.15,76.29,68.74,77.82,73.09,
MDV,Maldives,96.0,97.0,98.0,86.0,97.0,96.0,95.0,96.0,98.0,99.0,99.0,98.0,97.0,96.0,97.0,97.0,97.0,97.0,97.0,98.0,97.0,,98.0,99.4,100.0,99.3,99.4,99.8,99.7,98.9,154.84,97.44,98.0,98.69,99.43,
MEX,Mexico,75.0,89.0,88.0,79.0,90.0,90.0,93.0,90.0,96.0,95.0,95.9,95.2,95.7,96.44,96.42,96.0,96.0,96.0,95.5,96.0,95.2,98.41,98.8,88.62,98.0,100.94,96.5,76.0,97.0,73.0,104.08,103.08,85.79,76.35,79.86,
MHL,Marshall Islands,52.0,74.0,86.0,36.0,59.0,57.0,69.0,52.0,93.0,93.0,94.0,89.0,80.0,90.0,70.0,86.0,96.0,94.0,,78.11,96.83,,78.0,70.32,79.0,75.0,74.9,83.47,83.0,85.0,89.01,84.73,80.98,87.78,87.78,
MKD,North Macedonia,,,,98.0,88.0,97.0,91.0,98.0,96.0,98.0,97.1,92.2,97.8,96.3,96.4,96.0,94.0,96.0,98.0,95.8,98.1,97.45,96.0,96.0,93.3,88.8,82.1,82.6,74.8,,62.96,70.41,70.68,73.37,72.72,
MLI,Mali,43.0,39.0,35.0,51.0,46.0,52.0,57.0,56.0,60.0,46.0,55.0,61.0,64.0,68.0,75.0,86.0,86.0,87.0,97.0,86.0,89.0,82.0,85.0,72.0,72.0,86.0,73.97,73.97,72.0,70.0,69.8,92.0,77.4,77.4,85.0,
MLT,Malta,80.0,90.0,92.0,90.0,,51.0,51.0,,60.0,,74.1,,65.0,90.0,94.0,86.0,94.0,79.0,78.0,82.0,72.55,83.6,92.7,98.5,98.06,88.98,92.6,91.36,96.0,96.02,95.44,90.29,95.94,94.81,88.14,
MMR,Myanmar,68.0,85.0,84.0,88.0,77.0,82.0,86.0,88.0,89.0,85.0,84.0,78.0,75.3,75.0,78.0,72.0,78.0,81.0,82.0,87.0,88.0,88.0,84.0,86.0,88.0,84.0,91.0,83.0,93.0,84.0,91.38,43.85,75.05,73.76,71.23,
MNE,Montenegro,,,,,,,,,,,,,,,,,90.0,90.0,89.0,85.9,90.0,90.7,90.3,88.0,76.1,64.0,46.58,57.83,42.1,,23.88,18.27,32.86,23.87,22.62,
MNG,Mongolia,92.0,82.0,84.0,84.0,80.0,85.0,89.0,91.0,93.0,93.0,92.0,95.0,98.0,98.0,99.0,97.0,99.0,98.0,97.0,93.83,96.9,98.1,98.8,97.05,98.3,98.1,98.5,99.5,98.7,98.0,97.2,95.25,94.47,96.22,95.59,
MNP,Northern Mariana Islands,,,,,,84.0,,94.0,97.0,93.0,70.0,,,92.0,82.0,,,71.0,,,,,,,,,62.0,,73.0,75.27,78.89,85.62,85.3,86.31,69.0,
MOZ,Mozambique,59.0,55.0,56.0,62.0,65.0,71.0,67.0,70.0,87.0,90.0,97.0,,,,60.0,75.0,98.0,75.0,85.0,67.0,70.0,81.5,81.5,85.0,87.0,85.0,,99.0,95.0,95.0,83.0,83.0,,85.0,126.0,
MRT,Mauritania,38.0,32.0,43.0,49.0,53.0,53.0,53.0,20.0,,55.88,,,81.0,71.0,64.0,61.0,62.0,67.0,65.0,59.39,67.12,67.0,75.0,80.0,84.0,69.9,83.0,85.93,85.93,87.0,89.0,89.0,85.0,91.64,93.0,
MSR,Montserrat,99.0,99.0,99.0,99.0,99.0,99.0,99.0,99.0,100.0,99.0,91.67,89.0,,99.0,,,,,,,,,,,,,,100.0,96.0,120.0,,112.73,100.0,120.0,124.0,
MUS,Mauritius,76.0,88.0,84.0,84.0,85.0,89.0,61.0,87.0,85.0,80.0,83.9,,,101.0,98.0,98.0,99.0,98.0,98.0,99.0,99.0,99.0,99.0,99.0,98.0,99.0,92.0,89.0,99.0,99.0,98.0,97.0,98.0,96.0,98.0,
MWI,Malawi,81.0,78.0,82.0,87.0,99.0,97.0,90.0,87.0,90.0,82.0,73.0,81.0,69.0,77.0,80.0,82.0,85.0,83.0,88.0,92.0,93.0,96.0,90.0,88.0,85.0,87.0,81.0,83.0,87.0,92.0,89.86,90.0,82.0,87.0,89.0,
MYS,Malaysia,70.0,80.0,82.0,81.0,85.0,86.0,86.0,86.0,86.0,87.0,88.0,92.0,76.0,94.0,71.0,96.0,95.0,95.0,95.0,95.0,95.0,95.0,95.0,,,93.0,95.75,,,97.0,95.0,96.0,103.42,107.51,95.93,
NAM,Namibia,57.0,71.0,76.0,71.0,70.0,68.0,61.0,59.0,64.0,65.2,69.0,58.0,,70.0,70.0,73.0,63.0,69.0,73.0,76.0,75.0,74.0,76.0,82.0,83.0,85.0,85.0,85.0,86.0,80.0,90.0,91.38,100.8,101.0,101.0,
NCL,New Caledonia,,,,,,91.0,,41.0,78.0,,,,,,,,,98.6,,,,,96.4,96.4,96.4,96.0,96.0,96.0,97.4,,,,97.0,,,
NER,Niger,38.0,46.0,42.0,20.0,27.0,45.0,58.0,42.0,31.0,28.0,27.0,53.0,47.0,64.0,74.0,83.0,104.0,67.0,80.0,87.0,89.0,94.0,91.0,92.0,88.0,89.0,76.0,82.0,77.0,79.0,79.0,80.0,65.0,80.0,81.0,
NGA,Nigeria,48.0,57.0,43.0,34.0,50.0,44.0,38.0,38.0,26.0,,30.0,,,,40.0,38.0,112.0,86.0,68.0,81.0,85.0,93.0,78.0,73.0,73.0,43.1,43.1,42.0,62.6,54.0,54.0,59.0,60.0,60.0,51.0,
NIC,Nicaragua,82.0,54.0,73.0,83.0,81.0,81.0,90.0,94.0,99.0,97.0,104.0,102.0,98.0,93.0,84.2,96.0,98.0,105.0,109.0,104.3,105.0,109.0,114.3,113.5,113.0,115.67,114.04,118.31,113.0,116.0,114.31,99.75,109.54,100.58,94.7,
NIU,Niue,,100.0,,100.0,,34.0,100.0,100.0,,100.0,100.0,,100.0,,100.0,100.0,100.0,99.0,100.0,100.0,100.0,100.0,100.0,100.0,,100.0,100.0,100.0,100.0,100.0,,,100.0,100.0,100.0,
NLD,Netherlands (Kingdom of the),93.8,94.3,94.9,94.0,93.9,93.9,95.8,96.1,95.8,95.6,95.6,95.4,95.2,95.8,96.3,95.4,95.9,96.0,96.2,96.2,95.9,95.94,96.1,96.0,95.51,94.8,93.78,92.91,92.9,93.59,93.63,92.75,89.35,88.79,88.76,
NOR,Norway,87.0,94.0,96.0,93.0,94.0,92.0,92.0,93.0,,,88.0,90.0,87.0,86.0,89.0,90.0,92.0,92.0,93.0,93.0,93.0,93.0,94.0,93.0,94.0,95.0,96.0,96.0,96.0,97.0,96.7,96.56,96.17,95.82,95.9,
NPL,Nepal,68.0,64.0,64.0,61.0,61.0,71.0,80.0,85.0,73.0,81.0,76.9,70.6,71.0,75.0,73.0,74.0,85.0,81.0,79.0,90.0,86.0,88.0,86.0,88.0,88.0,85.0,82.67,90.0,91.0,92.0,87.0,90.0,90.0,93.0,97.0,
NRU,Nauru,,,,,,,,100.0,90.0,,8.0,95.0,,,87.0,80.0,100.0,100.0,100.0,100.0,100.0,100.0,96.0,,65.0,98.0,98.0,95.0,100.0,95.0,98.21,101.83,,,91.64,
NZL,New Zealand,90.0,82.0,82.0,,87.0,84.0,,100.0,81.0,83.0,85.2,85.2,,,,82.0,82.0,79.0,86.0,89.0,91.27,93.25,92.41,92.41,92.57,93.0,92.0,93.33,91.86,91.76,91.49,91.07,89.97,88.94,88.97,
OMN,Oman,98.0,96.0,96.0,95.0,97.0,97.5,98.0,98.0,98.0,98.7,99.78,99.99,99.0,97.89,,98.0,96.0,97.0,102.0,,,,,,,100.0,,100.0,100.0,100.0,100.0,100.0,97.0,99.81,99.26,
PAK,Pakistan,76.0,77.0,76.0,71.0,64.0,56.0,78.0,74.0,76.0,81.0,75.0,75.0,63.0,61.0,67.0,78.0,80.0,57.0,56.0,56.0,57.0,59.0,63.0,68.0,71.0,75.0,75.0,76.0,66.0,80.6,83.0,81.0,82.0,84.0,86.0,
PAN,Panama,73.0,80.0,76.0,83.0,84.0,84.0,90.0,92.0,96.0,90.0,97.0,95.0,103.0,95.0,106.0,99.0,95.0,84.0,100.0,85.0,104.7,96.7,98.2,92.0,90.0,102.21,100.94,98.0,105.0,97.0,79.52,92.27,86.77,88.29,93.37,
PER,Peru,64.0,60.0,83.0,76.0,75.0,99.0,87.0,91.0,93.0,92.0,,97.3,95.2,94.71,89.49,80.0,100.0,95.0,90.2,91.08,93.9,95.86,93.81,84.69,88.56,92.4,89.42,81.53,97.54,85.0,77.09,78.4,74.01,84.4,97.58,
PHL,Philippines,85.0,88.0,90.0,88.0,87.0,83.0,90.0,90.0,87.0,,80.0,81.0,82.0,87.0,92.0,92.0,92.0,92.0,92.0,88.0,87.0,77.0,80.0,77.0,75.0,79.0,75.0,70.0,67.0,75.0,77.0,57.08,68.94,73.83,72.93,
PLW,Palau,,98.0,94.0,32.0,41.0,100.0,99.0,83.0,74.0,96.0,83.0,,99.0,,100.0,98.0,98.0,91.0,97.0,,39.0,,91.0,98.65,83.0,95.0,96.0,84.72,90.0,97.0,93.22,92.94,96.0,96.06,95.91,
PNG,Papua New Guinea,,,89.0,28.0,36.0,42.0,24.0,50.0,61.0,62.0,62.0,56.0,61.0,63.0,60.0,,65.0,58.0,54.0,58.0,59.0,60.0,67.0,70.0,65.0,60.0,51.0,43.0,42.0,32.68,43.64,35.08,40.93,52.43,43.94,
POL,Poland,95.0,94.0,95.0,95.0,96.0,96.0,97.0,97.0,97.0,97.0,97.0,97.0,98.0,97.0,97.4,98.0,99.0,98.0,98.0,98.0,98.2,98.0,97.9,97.5,97.0,96.3,95.5,94.0,92.9,92.6,91.9,90.8,90.9,91.8,,
PRK,Democratic People's Republic of Korea,98.0,98.0,99.0,99.0,99.0,98.0,100.0,37.0,34.0,98.0,91.5,,97.5,95.3,95.3,96.0,96.0,99.0,98.0,97.6,98.9,98.76,98.9,99.1,99.0,98.4,98.7,98.6,98.2,98.5,99.11,100.0,100.0,99.0,98.5,
PRT,Portugal,85.0,96.0,99.0,95.0,91.0,94.0,99.0,96.0,96.0,,,,91.9,96.3,95.0,93.0,97.0,95.0,97.0,95.0,96.0,97.0,97.0,98.0,97.8,98.0,97.8,98.3,98.8,98.8,98.8,98.4,98.4,98.4,98.6,
PRY,Paraguay,71.0,75.0,87.0,96.0,76.0,75.0,82.0,61.0,100.0,74.0,92.0,90.0,86.0,90.78,89.0,90.0,88.0,80.0,77.0,71.4,76.7,76.3,74.0,75.4,72.4,65.6,91.0,80.0,81.0,75.0,67.85,56.3,42.15,101.0,90.0,
PSE,"occupied Palestinian territory, including east Jerusalem",,,,,,73.0,95.0,96.0,92.0,92.0,93.0,98.0,94.0,100.0,96.0,101.0,99.0,101.0,96.0,,,,98.0,,,100.0,100.0,100.0,100.0,100.0,,,96.5,89.32,103.84,
PYF,French Polynesia,62.0,89.0,91.0,,,96.0,98.0,98.0,,98.0,,98.0,,,,,,99.0,,99.0,99.0,99.0,,,99.0,98.0,97.0,97.5,97.0,97.0,,,98.4,,,
QAT,Qatar,79.0,84.0,86.0,86.0,86.0,87.0,90.0,87.0,89.0,87.0,91.0,92.0,100.0,93.0,99.0,100.0,99.0,92.0,,100.0,99.0,114.5,96.62,97.0,100.0,100.0,100.0,100.0,99.0,,89.55,99.55,99.62,99.6,99.5,
ROU,Romania,92.0,92.0,91.0,93.0,91.0,93.1,93.9,97.0,97.0,98.2,97.8,97.8,98.2,97.0,97.1,97.0,95.0,97.0,,,95.0,93.2,93.6,92.1,89.3,85.7,85.8,86.5,89.6,89.5,87.3,86.2,83.4,78.0,65.51,
RUS,Russian Federation,81.0,78.7,82.6,88.2,81.1,85.4,88.5,91.0,94.0,96.9,97.0,97.11,97.92,97.68,98.4,99.0,99.0,99.0,99.0,98.5,98.3,98.2,98.01,98.0,97.78,97.93,97.72,97.69,97.56,97.66,97.28,97.34,97.44,96.78,96.91,
RWA,Rwanda,55.0,89.0,81.0,74.0,,88.0,76.0,66.0,,78.0,57.0,69.0,69.0,,84.0,89.0,95.0,101.0,92.0,95.0,95.0,95.0,102.0,99.32,97.0,101.02,95.0,101.65,99.0,95.83,96.0,87.0,,95.67,97.32,
SAB,Saba,,,,,,,,,,,,,,,,,,,,,,,,,,,,,,,,,,,100.0,
SAU,Saudi Arabia,88.0,95.0,88.0,91.0,93.0,94.0,92.0,92.0,93.0,92.0,94.0,94.0,96.7,96.3,96.7,97.0,95.0,96.0,97.0,97.9,98.2,98.2,97.9,97.9,98.2,97.6,98.0,96.0,98.0,95.4,95.9,98.0,98.01,96.61,96.43,
SDN,Sudan,57.0,56.7,51.9,49.1,76.3,71.6,75.0,92.0,62.0,78.6,60.0,79.7,61.8,70.0,72.0,73.0,76.0,80.0,80.0,82.6,86.26,87.3,85.0,85.0,86.2,87.0,86.5,89.8,87.9,90.0,85.68,,79.87,,46.38,
SEN,Senegal,57.0,46.0,43.0,46.0,50.0,80.0,70.0,65.0,62.0,60.0,47.9,48.0,54.0,60.0,57.0,74.0,80.0,84.0,77.0,79.0,60.0,82.0,82.0,84.0,80.0,80.0,93.0,89.9,82.0,96.0,95.0,94.14,87.0,76.0,86.5,
SGP,Singapore,84.0,92.0,89.0,87.0,94.86,97.29,97.43,97.62,96.28,96.82,96.25,94.63,93.88,93.22,95.31,95.59,94.52,95.0,95.0,95.0,95.0,95.0,95.0,95.0,95.0,95.0,94.56,95.41,95.0,,,,,96.9,97.0,
SLB,Solomon Islands,70.0,76.0,,64.0,60.0,68.0,90.0,68.0,64.0,96.2,,78.0,,70.0,72.0,70.0,84.0,78.0,60.0,60.0,,73.37,84.8,75.89,75.88,75.25,82.0,84.3,93.0,81.0,81.0,67.3,90.31,67.83,78.18,
SLE,Sierra Leone,75.0,54.0,61.0,67.0,44.0,43.0,79.0,28.0,68.0,40.0,43.0,50.0,62.0,73.0,64.0,67.0,95.0,82.0,88.0,93.0,70.0,75.0,88.0,85.0,80.0,78.0,85.0,80.0,90.0,93.0,86.78,87.0,90.0,107.28,103.0,
SLV,El Salvador,98.0,54.0,55.0,86.0,80.0,93.0,94.0,98.0,99.0,94.0,97.0,82.0,93.0,90.0,93.0,99.0,98.0,100.0,95.0,91.0,92.0,89.4,93.0,94.0,94.0,95.0,94.0,85.0,81.0,96.0,84.32,97.0,79.73,99.67,96.21,
SMR,San Marino,,100.0,100.0,96.0,,,,,,,,,95.8,94.2,93.9,94.3,89.7,89.7,85.7,87.5,88.0,89.9,84.3,82.0,80.6,84.3,82.4,,89.0,85.7,89.96,,,,,
SOM,Somalia,,,,,,,,25.0,47.0,26.0,16.0,16.0,45.0,40.0,40.0,35.0,36.0,35.0,34.0,65.0,68.0,79.0,49.0,29.0,70.0,,45.0,60.0,53.0,52.0,52.0,58.0,69.0,63.0,64.0,
SRB,Serbia,83.0,75.5,81.8,84.9,80.8,86.0,90.1,92.0,,84.4,89.2,90.5,92.3,87.2,89.0,96.0,88.0,95.0,92.0,95.0,95.0,92.6,87.0,92.0,85.6,86.5,82.2,86.0,92.5,86.6,78.1,74.8,81.3,84.47,84.34,
SSD,South Sudan,,,,,,,,,,,,,,,,,,40.0,30.0,50.0,64.0,64.0,70.0,55.0,52.0,70.0,51.0,75.0,48.7,,53.07,83.0,65.61,80.0,75.0,
STA,Sint Eustatius,,,,,,,,,,,,,,,,,,,,,,,,,,,,,,,,,,,45.45,
STP,Sao Tome and Principe,71.0,77.0,52.0,57.0,,74.0,57.0,60.0,59.0,,68.91,,,87.0,91.0,88.0,85.0,86.0,93.0,90.0,92.5,91.3,92.0,91.0,92.0,92.6,93.0,90.0,95.0,95.0,,77.48,,86.5,98.55,
SUR,Suriname,65.0,84.0,61.0,61.0,72.0,83.0,87.0,79.0,82.0,85.0,71.0,90.0,73.0,69.0,86.39,91.0,83.0,85.0,86.0,88.2,90.0,85.2,73.0,93.4,85.0,94.2,97.25,97.0,98.0,85.0,65.99,79.07,95.02,92.08,93.69,
SVK,Slovakia,,,,,99.0,99.0,99.0,99.0,99.0,99.0,98.0,98.6,98.6,98.6,99.0,98.0,98.0,99.0,99.0,99.0,98.5,98.3,98.9,98.0,96.6,95.2,95.2,95.8,96.1,96.2,96.0,95.42,94.69,94.43,94.07,
SVN,Slovenia,90.0,80.5,90.0,90.0,91.0,93.0,93.0,82.0,93.0,98.0,95.0,94.0,93.0,94.0,94.0,94.0,96.0,96.0,96.0,95.0,95.0,95.5,95.0,94.0,94.0,93.5,92.3,93.2,93.1,93.6,94.3,95.3,95.8,95.0,94.5,
SWE,Sweden,96.0,96.0,96.0,97.0,97.0,97.0,96.0,96.0,94.0,89.0,91.0,94.0,95.0,95.0,96.0,96.0,97.0,96.0,96.0,96.7,96.5,96.4,97.2,97.4,97.3,97.5,96.7,96.7,97.0,97.2,97.1,97.2,92.5,93.1,93.4,
SWZ,Eswatini,85.0,80.0,85.0,85.0,94.0,94.0,82.0,92.0,82.0,82.0,80.0,72.0,72.0,94.0,70.0,60.0,57.0,58.0,69.0,71.7,94.0,98.0,88.0,96.5,97.0,89.3,89.0,88.9,82.0,81.0,76.21,80.4,82.51,84.63,85.3,
SXM,Sint Maarten (Dutch part),,,,,,,,,,,,,,,,,,,,,,,,,,,,86.0,90.0,,,,,,,
SYC,Seychelles,86.0,,92.0,,92.0,97.0,98.0,100.0,93.0,99.0,,95.0,98.0,100.0,100.0,100.0,100.0,100.0,100.0,97.0,99.0,101.0,98.0,97.0,99.87,97.5,97.2,99.0,96.0,99.0,96.6,94.34,98.38,93.47,97.0,
SYR,Syrian Arab Republic,87.0,84.0,84.0,86.0,84.0,90.0,95.0,93.0,97.0,97.0,96.0,93.0,98.0,98.0,98.0,98.0,98.0,98.0,98.0,99.0,99.0,97.0,78.0,83.0,71.0,70.0,79.0,84.0,80.0,82.0,76.08,75.97,58.48,80.22,86.94,
TCA,Turks and Caicos Islands,81.0,99.0,59.0,96.0,94.0,99.0,99.0,99.0,99.0,94.0,100.0,,,92.0,,,,,,,,,,,,,,88.0,92.0,96.0,95.28,86.24,94.35,99.63,94.04,
TCD,Chad,,28.0,25.0,19.0,24.0,24.0,31.0,30.0,30.0,49.2,42.0,,55.0,61.0,56.0,70.0,83.0,77.0,54.0,87.0,84.0,79.0,69.0,79.0,79.0,,75.0,65.0,70.0,68.79,74.81,82.51,84.26,94.5,98.78,
TGO,Togo,65.0,66.0,64.0,63.0,59.0,39.0,25.0,41.0,34.0,46.75,43.0,33.0,48.0,72.0,70.0,70.0,83.0,80.0,77.0,84.0,84.0,85.0,71.7,71.7,82.0,85.0,87.0,91.0,85.0,89.0,83.49,83.57,85.39,86.41,80.8,
THA,Thailand,70.0,75.0,74.0,69.0,64.0,85.0,92.0,,,96.0,94.0,94.0,94.2,96.0,96.1,96.0,96.0,96.0,98.0,98.1,98.1,98.1,98.1,98.7,99.0,98.7,98.7,98.7,96.09,96.09,96.0,,86.2,,,
TJK,Tajikistan,95.0,77.0,79.0,92.0,84.0,81.0,90.0,95.0,94.0,90.0,98.0,97.0,97.0,98.0,98.0,95.0,96.0,85.0,86.0,,,,,,98.1,97.0,97.0,98.1,97.8,98.0,98.12,97.32,98.12,97.65,97.89,
TKL,Tokelau,99.0,98.0,100.0,99.0,,99.0,99.0,87.0,100.0,100.0,100.0,,,41.0,82.0,100.0,,100.0,,100.0,95.0,100.0,100.0,100.0,100.0,100.0,,,,98.0,94.0,95.0,,,94.74,
TKM,Turkmenistan,,,76.0,84.0,90.0,92.0,98.0,100.0,99.0,97.2,96.5,97.6,88.0,97.1,97.3,99.0,99.0,99.0,99.0,99.4,99.3,99.0,98.8,99.0,99.3,99.6,99.0,99.0,98.6,98.8,98.3,97.4,98.3,98.9,99.1,
TLS,Timor-Leste,,,,,,,,,,,,,,60.0,55.0,48.0,61.0,63.0,73.0,69.7,66.0,62.0,73.0,70.0,74.2,95.0,90.0,92.0,77.3,85.0,79.0,82.48,88.41,,100.08,
TON,Tonga,86.0,90.0,87.0,87.0,86.0,94.0,95.0,97.0,96.0,96.8,,93.4,,99.2,99.6,100.0,99.0,100.0,100.0,99.0,99.0,99.4,95.0,99.6,95.0,99.0,98.0,99.0,99.0,99.0,,99.53,99.53,100.0,100.0,
TTO,Trinidad and Tobago,71.0,93.0,83.0,87.0,86.0,84.0,88.0,88.0,90.0,88.0,89.73,91.0,87.0,88.0,94.0,93.0,89.0,91.0,91.0,94.4,92.0,92.0,85.0,90.6,96.0,89.04,85.58,93.0,90.0,99.0,91.08,93.3,92.09,89.74,96.0,
TUN,Tunisia,88.0,82.0,94.0,90.0,87.0,91.0,86.0,92.0,94.0,99.0,84.6,92.2,94.0,90.0,95.0,96.0,98.0,98.0,98.0,98.0,97.0,96.0,96.0,94.0,98.0,98.0,96.0,98.0,96.0,98.0,98.0,95.0,95.0,96.0,96.0,
TUR,Türkiye,67.0,73.0,74.0,72.0,76.0,65.0,85.0,76.0,79.0,80.0,86.0,90.0,82.0,75.0,81.0,91.0,98.0,96.0,97.0,97.0,97.0,98.0,96.0,98.0,94.0,97.0,98.0,96.0,96.0,96.98,95.04,96.1,95.21,95.17,,
TUV,Tuvalu,95.0,63.0,66.0,64.0,,94.0,94.0,100.0,96.0,94.0,81.0,100.0,99.0,95.0,97.0,62.0,84.0,95.0,93.0,90.0,84.8,97.8,97.64,96.01,93.6,94.0,96.0,94.6,88.2,96.3,92.83,93.3,90.04,97.51,97.0,
TZA,United Republic of Tanzania,80.0,79.0,81.0,77.0,79.0,78.0,78.0,73.0,72.0,72.0,78.0,86.0,89.0,97.0,94.0,91.0,93.0,90.0,88.0,91.0,92.2,95.0,97.0,99.0,99.0,99.0,90.0,99.0,99.0,99.0,95.0,92.0,97.0,99.0,95.0,
UGA,Uganda,74.0,74.0,68.0,73.0,79.0,82.0,70.0,64.0,59.0,63.0,61.0,63.0,77.0,83.0,91.0,86.0,89.0,86.0,77.0,81.0,73.0,75.0,82.0,97.0,96.0,94.0,90.0,83.0,80.0,78.0,95.21,90.0,111.3,83.0,105.0,
UKR,Ukraine,,,90.0,94.0,96.0,97.0,92.0,97.0,96.0,99.0,98.8,98.76,98.9,99.02,99.0,96.0,98.0,97.0,94.0,,56.1,67.0,79.0,,,56.12,42.47,85.5,91.0,93.2,84.9,88.5,74.09,92.36,91.4,
URY,Uruguay,97.0,96.0,92.0,90.0,90.0,90.0,89.0,92.0,96.0,99.0,89.0,93.5,95.0,95.0,95.0,95.0,94.0,96.0,95.0,95.1,94.8,95.3,96.2,95.5,96.0,96.0,95.07,,97.0,96.0,95.49,93.08,95.69,95.92,97.12,
USA,United States of America,,82.0,83.0,84.0,89.0,88.0,91.0,91.0,92.0,92.0,91.0,91.0,91.3,92.6,93.0,92.0,92.0,92.0,92.0,90.0,90.2,91.5,91.0,92.0,92.0,91.5,91.9,91.0,91.5,90.4,90.7,91.6,91.6,,,
UZB,Uzbekistan,85.0,84.0,84.0,82.0,71.0,81.0,95.0,96.0,95.0,96.0,99.0,99.0,97.0,98.8,98.5,99.0,98.0,98.0,98.0,95.4,,99.9,99.9,97.4,99.9,99.9,99.9,99.8,96.0,97.5,99.82,98.83,99.57,99.4,100.35,
VCT,Saint Vincent and the Grenadines,96.0,100.0,100.0,99.0,100.0,100.0,100.0,100.0,100.0,87.0,96.22,98.0,99.2,94.0,99.0,97.0,100.0,105.0,107.0,104.0,99.7,102.7,93.6,99.6,101.0,112.22,99.9,101.0,101.0,113.0,113.0,95.75,98.97,90.35,99.58,
VEN,Venezuela (Bolivarian Republic of),62.0,63.0,61.0,62.0,94.0,47.0,64.0,68.0,92.0,84.0,84.0,98.0,83.0,83.0,80.0,76.0,95.0,65.0,93.0,87.0,79.0,86.34,87.13,84.89,89.34,91.57,88.28,96.0,74.0,93.0,76.17,67.99,,68.1,70.9,
VGB,British Virgin Islands,99.0,84.0,83.0,99.0,99.0,99.0,99.0,99.0,99.0,92.0,99.0,110.29,,129.0,,,,,,,,,,,,,,87.0,94.0,84.0,98.85,82.74,73.15,86.25,87.82,
VNM,Viet Nam,88.0,88.0,90.0,93.0,96.0,95.0,96.0,96.0,96.0,94.0,97.0,98.0,96.0,93.0,97.0,95.0,93.0,83.0,92.0,,,,,,,,,,,,,89.02,87.73,81.96,97.65,
VUT,Vanuatu,66.0,63.0,66.0,74.0,53.0,60.0,61.0,65.0,94.0,94.0,94.0,94.0,44.0,48.0,,70.0,99.0,65.0,,80.0,82.0,,94.15,64.66,90.0,76.0,84.0,80.0,75.0,80.0,,50.0,70.0,97.0,60.55,
WLF,Wallis and Futuna,,,93.0,,82.0,31.0,,75.0,91.0,100.0,100.0,,,100.0,,,,0.86,,,,,,,,,155.0,,,,,,,,,
WSM,Samoa,89.0,77.0,90.0,,94.0,96.0,96.0,99.0,100.0,91.0,93.0,92.0,,,25.0,57.0,54.0,63.0,45.0,49.0,60.6,67.0,84.63,98.7,,78.0,77.0,80.0,40.0,96.0,65.53,62.0,,,,
XKX,Kosovo (in accordance with UN Security Council resolution 1244 (1999)),,,,,,,,,,,,,,,,,,,,,,,,,,,,,,,91.85,,87.59,91.76,89.38,
YEM,Yemen,74.0,57.0,46.0,51.0,45.0,53.0,50.0,48.0,66.0,74.0,71.0,73.0,64.0,66.0,76.0,76.0,68.0,74.0,73.0,69.0,73.0,70.83,71.0,78.0,74.93,75.0,77.97,73.0,72.0,75.0,76.0,79.0,81.0,73.41,69.0,
ZAF,South Africa,79.0,85.0,85.0,77.0,,76.0,76.0,76.0,82.0,82.2,95.0,72.0,78.0,83.0,62.0,82.91,85.72,84.48,88.1,91.18,84.78,88.53,89.11,87.3,91.73,97.41,96.0,81.2,80.65,83.0,83.95,87.39,86.41,79.7,75.7,
ZMB,Zambia,68.0,89.0,60.0,61.0,89.0,85.0,93.0,69.0,,72.0,85.0,,,,81.0,79.0,90.0,97.0,89.0,92.0,97.0,83.0,95.0,80.0,85.0,90.0,99.0,96.0,94.0,93.0,96.0,90.4,99.9,80.3,84.77,
ZWE,Zimbabwe,76.0,87.0,72.0,72.0,79.0,83.0,77.0,73.0,65.0,79.0,70.0,68.0,60.0,80.0,80.0,85.0,90.0,80.0,70.0,,90.0,92.0,97.0,93.0,92.4,94.0,95.0,90.0,88.0,85.0,84.91,,90.0,90.0,90.0,
