ISO,Country / Region,2025,2024,2023,2022,2021,2020,2019,2018,2017,2016,2015,2014,2013,2012,2011,2010,2009,2008,2007,2006,2005,2004,2003,2002,2001,2000,1999,1998,1997,1996,1995,1994,1993,1992,1991,1990
AFG,Afghanistan,,9769.0,2792.0,5166.0,2900.0,640.0,353.0,2012.0,1511.0,638.0,1154.0,492.0,430.0,2787.0,3013.0,1989.0,2861.0,1599.0,1141.0,1990.0,1296.0,466.0,798.0,2486.0,8762.0,6532.0,3609.0,2205.0,,,,,,,792.0,1609.0
ALB,Albania,,212.0,13.0,1.0,,4.0,488.0,1469.0,12.0,17.0,,,0.0,9.0,28.0,10.0,0.0,,22.0,68.0,6.0,7.0,8.0,16.0,18.0,662.0,797.0,1901.0,2386.0,1204.0,15.0,29.0,7.0,0.0,0.0,
DZA,Algeria,,488.0,203.0,47.0,,,2585.0,3356.0,112.0,41.0,63.0,0.0,25.0,18.0,112.0,103.0,107.0,217.0,0.0,944.0,2302.0,3289.0,15374.0,5862.0,2686.0,,2503.0,3301.0,19573.0,21003.0,8204.0,5913.0,3141.0,8823.0,5969.0,1796.0
ASM,American Samoa,,,,,,,,,,,,,,,0.0,,,0.0,0.0,,0.0,0.0,,,0.0,1.0,0.0,2.0,12.0,0.0,0.0,0.0,0.0,0.0,19.0,498.0
AND,Andorra,,0.0,0.0,0.0,0.0,0.0,0.0,0.0,0.0,0.0,0.0,0.0,0.0,0.0,0.0,0.0,0.0,0.0,0.0,0.0,0.0,0.0,0.0,1.0,5.0,2.0,2.0,,5.0,,,,,,,
AGO,Angola,,619.0,3508.0,3271.0,300.0,1085.0,2987.0,57.0,29.0,53.0,119.0,11699.0,8523.0,4458.0,1449.0,1190.0,2807.0,265.0,1014.0,765.0,258.0,29.0,1196.0,11945.0,9046.0,2219.0,350.0,2576.0,8183.0,251.0,635.0,5480.0,9273.0,16772.0,18382.0,29069.0
AIA,Anguilla,,0.0,0.0,0.0,0.0,0.0,0.0,0.0,0.0,,,,,,,,,,,,,,0.0,,0.0,0.0,0.0,0.0,0.0,0.0,0.0,0.0,0.0,0.0,1.0,15.0
ATG,Antigua and Barbuda,,0.0,0.0,0.0,0.0,0.0,0.0,1.0,0.0,0.0,0.0,0.0,0.0,0.0,0.0,0.0,0.0,0.0,0.0,0.0,0.0,0.0,0.0,0.0,0.0,0.0,0.0,0.0,0.0,0.0,0.0,0.0,0.0,0.0,0.0,0.0
ARG,Argentina,,,0.0,2.0,0.0,69.0,130.0,14.0,3.0,0.0,0.0,1.0,0.0,2.0,3.0,17.0,3.0,0.0,0.0,0.0,0.0,0.0,0.0,0.0,0.0,6.0,313.0,10229.0,125.0,59.0,655.0,134.0,5087.0,20551.0,42093.0,1967.0
ARM,Armenia,,561.0,554.0,0.0,0.0,0.0,7.0,19.0,1.0,2.0,33.0,13.0,10.0,0.0,0.0,2.0,0.0,0.0,1.0,137.0,2281.0,1783.0,4.0,40.0,69.0,15.0,41.0,52.0,802.0,2027.0,187.0,149.0,338.0,46.0,192.0,879.0
ABW,Aruba,,0.0,,0.0,0.0,,1.0,0.0,0.0,,,,,,,,,,,,,,,,,,,,,,,,,,,
AUS,Australia,,57.0,26.0,7.0,0.0,25.0,286.0,103.0,81.0,99.0,74.0,340.0,158.0,199.0,190.0,70.0,104.0,65.0,11.0,,10.0,70.0,91.0,32.0,141.0,108.0,235.0,327.0,853.0,498.0,1198.0,4895.0,4536.0,1425.0,1380.0,880.0
AUT,Austria,,542.0,186.0,1.0,1.0,25.0,151.0,77.0,95.0,27.0,309.0,117.0,,36.0,68.0,52.0,49.0,448.0,20.0,23.0,9.0,15.0,90.0,,0.0,,1.0,0.0,0.0,,,,60.0,,,
AZE,Azerbaijan,,18584.0,13207.0,1.0,0.0,2.0,281.0,55.0,0.0,0.0,0.0,0.0,164.0,0.0,0.0,0.0,,5.0,0.0,222.0,1238.0,827.0,1978.0,4353.0,574.0,210.0,1081.0,2891.0,678.0,151.0,474.0,6478.0,1321.0,535.0,6122.0,2026.0
BHS,Bahamas,,0.0,0.0,0.0,0.0,0.0,3.0,0.0,0.0,0.0,0.0,0.0,0.0,0.0,0.0,0.0,0.0,0.0,0.0,0.0,0.0,0.0,0.0,0.0,0.0,0.0,0.0,0.0,1.0,0.0,0.0,0.0,0.0,0.0,0.0,72.0
BHR,Bahrain,,2.0,3.0,18.0,0.0,0.0,3.0,0.0,0.0,0.0,0.0,46.0,,0.0,0.0,0.0,3.0,2.0,7.0,3.0,4.0,11.0,12.0,8.0,5.0,6.0,38.0,4.0,4.0,74.0,3.0,0.0,2.0,12.0,7.0,59.0
BGD,Bangladesh,,247.0,281.0,311.0,203.0,2410.0,5827.0,2263.0,4001.0,972.0,240.0,289.0,237.0,1986.0,5625.0,788.0,718.0,2660.0,2924.0,6192.0,25934.0,9743.0,4067.0,3484.0,4414.0,5098.0,5666.0,6522.0,10329.0,4929.0,4995.0,9571.0,5443.0,5768.0,9292.0,1705.0
BRB,Barbados,0.0,0.0,0.0,0.0,0.0,0.0,0.0,0.0,0.0,0.0,0.0,0.0,0.0,0.0,0.0,0.0,0.0,0.0,0.0,0.0,0.0,0.0,0.0,0.0,0.0,0.0,0.0,0.0,0.0,0.0,0.0,0.0,0.0,0.0,2.0,51.0
BLR,Belarus,,754.0,193.0,0.0,3.0,0.0,201.0,259.0,1.0,10.0,2.0,64.0,16.0,10.0,50.0,1.0,0.0,0.0,1.0,149.0,1.0,2.0,21.0,14.0,45.0,21.0,153.0,517.0,135.0,395.0,1516.0,820.0,3874.0,2324.0,1351.0,224.0
BEL,Belgium,,526.0,67.0,8.0,7.0,47.0,480.0,117.0,367.0,,47.0,70.0,39.0,109.0,576.0,40.0,33.0,98.0,64.0,15.0,26.0,61.0,44.0,,83.0,,,0.0,3869.0,7221.0,10650.0,11346.0,7373.0,9565.0,7216.0,
BLZ,Belize,,0.0,0.0,0.0,0.0,0.0,0.0,0.0,0.0,0.0,0.0,0.0,0.0,0.0,0.0,0.0,0.0,0.0,0.0,0.0,0.0,0.0,0.0,0.0,0.0,0.0,0.0,0.0,0.0,0.0,4.0,0.0,0.0,11.0,7.0,25.0
BEN,Benin,,785.0,478.0,455.0,35.0,18.0,437.0,493.0,97.0,89.0,55.0,786.0,637.0,288.0,426.0,392.0,1461.0,928.0,341.0,176.0,210.0,262.0,217.0,1588.0,5859.0,4244.0,2573.0,648.0,9521.0,1365.0,10469.0,7557.0,4102.0,3049.0,5396.0,
BMU,Bermuda,,2.0,0.0,0.0,0.0,0.0,0.0,0.0,0.0,,,,,,,,,,,,,0.0,,0.0,0.0,0.0,0.0,0.0,0.0,0.0,0.0,0.0,0.0,0.0,2.0,1.0
BTN,Bhutan,,0.0,10.0,7.0,,,2.0,18.0,66.0,45.0,11.0,0.0,0.0,1.0,10.0,21.0,6.0,7.0,11.0,2.0,11.0,3.0,0.0,27.0,756.0,418.0,9920.0,66.0,169.0,9.0,148.0,683.0,505.0,103.0,441.0,173.0
BOL,Bolivia (Plurinational State of),,4.0,0.0,0.0,0.0,2.0,0.0,0.0,0.0,0.0,0.0,0.0,0.0,0.0,0.0,0.0,0.0,0.0,0.0,0.0,0.0,0.0,0.0,0.0,0.0,122.0,1441.0,1004.0,7.0,7.0,76.0,1441.0,3391.0,4937.0,2108.0,820.0
BES,Bonaire,,0.0,,,,,,,,,,,,,,,,,,,,,,,,,,,,,,,,,,
BIH,Bosnia and Herzegovina,,7957.0,13.0,6.0,,,1404.0,62.0,18.0,133.0,1677.0,3000.0,,22.0,10.0,45.0,22.0,8.0,166.0,17.0,23.0,28.0,18.0,28.0,,43.0,133.0,2811.0,3937.0,,125.0,875.0,249.0,144.0,179.0,512.0
BWA,Botswana,,3.0,63.0,1.0,0.0,5.0,0.0,0.0,0.0,1.0,0.0,1.0,1.0,7.0,8.0,853.0,184.0,0.0,1.0,6.0,5.0,1.0,59.0,7.0,1.0,2672.0,439.0,700.0,5032.0,1030.0,478.0,2447.0,5327.0,566.0,565.0,1218.0
BRA,Brazil,,5.0,0.0,41.0,668.0,8448.0,20901.0,9329.0,,0.0,214.0,876.0,220.0,2.0,43.0,68.0,0.0,0.0,0.0,57.0,6.0,0.0,2.0,1.0,1.0,36.0,908.0,2781.0,52284.0,580.0,793.0,35.0,6037.0,7934.0,42537.0,61435.0
VGB,British Virgin Islands,,0.0,0.0,0.0,0.0,,0.0,0.0,0.0,,,,,,,,,,,,,,0.0,0.0,0.0,0.0,0.0,0.0,0.0,0.0,0.0,0.0,0.0,0.0,0.0,90.0
BRN,Brunei Darussalam,,0.0,1.0,0.0,0.0,0.0,1.0,1.0,0.0,1.0,4.0,1.0,,1.0,4.0,0.0,2.0,3.0,,,9.0,16.0,24.0,,11.0,42.0,23.0,12.0,13.0,,,,50.0,51.0,,12.0
BGR,Bulgaria,,27.0,0.0,1.0,0.0,257.0,1231.0,13.0,165.0,1.0,0.0,0.0,14.0,1.0,157.0,22004.0,2249.0,1.0,1.0,1.0,3.0,0.0,0.0,0.0,8.0,46.0,24.0,80.0,23.0,695.0,172.0,121.0,354.0,20258.0,2028.0,147.0
BFA,Burkina Faso,,4397.0,680.0,252.0,,2480.0,672.0,4072.0,49.0,226.0,99.0,343.0,375.0,7362.0,860.0,2511.0,54118.0,395.0,12.0,125.0,253.0,77.0,2946.0,1744.0,4174.0,6074.0,5516.0,,1438.0,18534.0,5669.0,2925.0,14445.0,21751.0,6590.0,9804.0
BDI,Burundi,,2741.0,1684.0,212.0,369.0,1700.0,112.0,9.0,18.0,16.0,9.0,0.0,0.0,49.0,129.0,495.0,305.0,173.0,43.0,784.0,0.0,2.0,224.0,1016.0,,18363.0,2928.0,1449.0,1273.0,16099.0,14782.0,7192.0,23869.0,22344.0,10397.0,13282.0
CPV,Cabo Verde,,0.0,0.0,0.0,0.0,,0.0,0.0,0.0,,0.0,0.0,0.0,0.0,0.0,0.0,0.0,0.0,0.0,0.0,0.0,0.0,0.0,0.0,0.0,2.0,1.0,289.0,8584.0,0.0,10.0,30.0,0.0,1.0,7.0,0.0
KHM,Cambodia,,666.0,11.0,13.0,5.0,379.0,684.0,3.0,10.0,56.0,0.0,0.0,0.0,15.0,722.0,1156.0,4779.0,4211.0,394.0,188.0,264.0,352.0,653.0,1361.0,3761.0,12237.0,13827.0,1993.0,3826.0,2814.0,2038.0,946.0,1262.0,2759.0,2186.0,2473.0
CMR,Cameroon,,863.0,6105.0,3217.0,771.0,1509.0,2809.0,814.0,712.0,338.0,1809.0,831.0,760.0,609.0,504.0,240.0,251.0,495.0,100.0,196.0,605.0,358.0,899.0,1448.0,23934.0,14629.0,10894.0,10731.0,7504.0,11770.0,2463.0,1548.0,10892.0,27442.0,14622.0,21150.0
CAN,Canada,,147.0,12.0,3.0,0.0,1.0,113.0,28.0,45.0,11.0,195.0,418.0,83.0,10.0,803.0,99.0,14.0,62.0,101.0,13.0,6.0,7.0,15.0,6.0,34.0,206.0,29.0,12.0,579.0,327.0,2361.0,523.0,203.0,2742.0,6178.0,1033.0
CYM,Cayman Islands,,0.0,0.0,0.0,0.0,0.0,,0.0,0.0,,,,,,,,,,,,,,0.0,0.0,0.0,0.0,0.0,0.0,0.0,0.0,0.0,0.0,0.0,0.0,0.0,0.0
CAF,Central African Republic,,125.0,3841.0,155.0,286.0,3433.0,3390.0,224.0,801.0,367.0,150.0,210.0,596.0,141.0,679.0,2.0,11.0,12.0,49.0,3.0,471.0,1233.0,652.0,938.0,2837.0,3207.0,600.0,146.0,194.0,248.0,902.0,,1694.0,3022.0,3644.0,1275.0
TCD,Chad,,6978.0,11862.0,2158.0,2577.0,2170.0,1882.0,1457.0,9.0,118.0,418.0,1275.0,226.0,120.0,8650.0,194.0,165.0,63.0,441.0,1594.0,2.0,10324.0,15801.0,7277.0,24908.0,3546.0,6868.0,12371.0,10446.0,24162.0,21952.0,9696.0,20894.0,19035.0,21182.0,7226.0
CHL,Chile,,0.0,1.0,0.0,0.0,2.0,11.0,24.0,0.0,0.0,9.0,0.0,0.0,0.0,6.0,0.0,1.0,0.0,0.0,0.0,0.0,0.0,1.0,0.0,0.0,0.0,31.0,6.0,58.0,0.0,0.0,0.0,1.0,1.0,2098.0,1958.0
CHN,China,,1272.0,621.0,552.0,554.0,867.0,2974.0,3940.0,5941.0,24820.0,42361.0,52628.0,26883.0,6183.0,9943.0,38159.0,52461.0,131441.0,109023.0,99602.0,124219.0,70549.0,71879.0,58341.0,88962.0,71093.0,61840.0,53030.0,79621.0,68404.0,53232.0,76204.0,117851.0,140048.0,123428.0,85705.0
HKG,China  Hong Kong SAR,,9.0,4.0,3.0,1.0,1.0,90.0,17.0,4.0,9.0,18.0,50.0,8.0,8.0,13.0,13.0,22.0,69.0,88.0,,,,33.0,,179.0,60.0,32.0,56.0,318.0,110.0,33.0,210.0,29.0,329.0,278.0,48.0
MAC,China  Macao SAR,,0.0,0.0,0.0,0.0,0.0,37.0,3.0,2.0,0.0,0.0,,1.0,1.0,1.0,,0.0,4.0,0.0,,0.0,0.0,3.0,,3.0,5.0,1.0,0.0,3.0,,3.0,52.0,21.0,35.0,1.0,19.0
COL,Colombia,,0.0,0.0,0.0,0.0,1.0,244.0,208.0,0.0,0.0,1.0,0.0,1.0,1.0,6.0,0.0,0.0,0.0,0.0,0.0,0.0,0.0,0.0,139.0,3.0,1.0,44.0,61.0,67.0,160.0,410.0,525.0,9105.0,7976.0,10391.0,12520.0
COM,Comoros,,17.0,51.0,4.0,0.0,0.0,65.0,0.0,0.0,0.0,0.0,0.0,0.0,1.0,3.0,0.0,1.0,0.0,0.0,85.0,912.0,0.0,0.0,0.0,,,0.0,0.0,0.0,0.0,0.0,2.0,0.0,0.0,0.0,2328.0
COG,Congo,,483.0,385.0,6718.0,160.0,37.0,66.0,28.0,958.0,277.0,1359.0,71.0,124.0,260.0,315.0,4.0,1.0,2.0,84.0,126.0,146.0,3524.0,3712.0,2788.0,2152.0,1678.0,313.0,174.0,1267.0,3897.0,2381.0,226.0,693.0,4302.0,4042.0,3608.0
COK,Cook Islands,,,,,,,0.0,0.0,,,,,,0.0,0.0,0.0,0.0,0.0,1.0,6.0,0.0,0.0,17.0,0.0,0.0,2.0,0.0,9.0,194.0,0.0,7.0,0.0,3.0,9.0,61.0,36.0
CRI,Costa Rica,,0.0,1.0,0.0,0.0,0.0,10.0,0.0,0.0,0.0,0.0,1.0,0.0,0.0,0.0,0.0,0.0,0.0,0.0,,1.0,0.0,1.0,0.0,0.0,0.0,23.0,27.0,26.0,24.0,35.0,0.0,273.0,2361.0,6296.0,76.0
HRV,Croatia,,33.0,3.0,0.0,0.0,0.0,52.0,23.0,7.0,4.0,206.0,,0.0,2.0,12.0,7.0,2.0,51.0,0.0,1.0,2.0,54.0,19.0,6.0,8.0,9.0,31.0,648.0,240.0,119.0,697.0,138.0,87.0,160.0,117.0,119.0
CUB,Cuba,,0.0,0.0,0.0,0.0,0.0,0.0,0.0,0.0,0.0,0.0,0.0,,0.0,0.0,0.0,0.0,0.0,0.0,0.0,0.0,0.0,0.0,0.0,0.0,0.0,0.0,0.0,0.0,0.0,1.0,0.0,2.0,12.0,17.0,12.0
CUW,Curaçao,,,,,,,1.0,0.0,0.0,,,,,,,,,,,,,,,,,,,,,,,,,,,
CYP,Cyprus,,28.0,0.0,0.0,1.0,1.0,6.0,15.0,3.0,0.0,0.0,10.0,0.0,1.0,0.0,18.0,0.0,1.0,0.0,0.0,1.0,0.0,0.0,0.0,,0.0,0.0,1.0,1.0,55.0,0.0,0.0,0.0,20.0,1.0,4.0
CZE,Czechia,,35.0,1.0,0.0,0.0,4.0,590.0,207.0,142.0,7.0,9.0,222.0,15.0,22.0,17.0,0.0,5.0,2.0,2.0,7.0,0.0,17.0,30.0,4.0,6.0,9.0,2.0,19.0,14.0,10.0,5.0,9.0,14.0,416.0,839.0,2420.0
CIV,Côte d'Ivoire,,1872.0,1361.0,1596.0,1837.0,600.0,372.0,453.0,163.0,45.0,65.0,50.0,48.0,137.0,628.0,441.0,183.0,12.0,5.0,11.0,115.0,3466.0,4770.0,5882.0,5790.0,5729.0,4824.0,12289.0,9665.0,20858.0,30039.0,,7465.0,14765.0,9902.0,17799.0
PRK,Democratic People's Republic of Korea,,0.0,0.0,0.0,,0.0,,0.0,0.0,0.0,0.0,3.0,0.0,0.0,0.0,0.0,0.0,8.0,3550.0,0.0,0.0,0.0,0.0,0.0,0.0,,0.0,0.0,0.0,0.0,0.0,0.0,0.0,0.0,0.0,0.0
COD,Democratic Republic of the Congo,,109419.0,311500.0,4380.0,54471.0,82290.0,333017.0,69693.0,45107.0,5092.0,5020.0,33711.0,88381.0,72029.0,133802.0,5407.0,57.0,12461.0,55577.0,80123.0,182485.0,44934.0,21956.0,30466.0,8072.0,8282.0,12135.0,15271.0,5766.0,9546.0,5443.0,12573.0,2749.0,63.0,,4564.0
DNK,Denmark,,25.0,9.0,0.0,0.0,4.0,15.0,8.0,4.0,3.0,9.0,27.0,17.0,2.0,84.0,5.0,6.0,14.0,2.0,27.0,2.0,0.0,0.0,32.0,11.0,14.0,,,61.0,119.0,20.0,36.0,115.0,129.0,162.0,180.0
DJI,Djibouti,,60.0,446.0,206.0,0.0,,,28.0,3.0,8.0,47.0,,28.0,709.0,49.0,7.0,48.0,143.0,24.0,49.0,298.0,71.0,37.0,50.0,79.0,183.0,341.0,198.0,,410.0,8.0,,37.0,129.0,13.0,104.0
DMA,Dominica,,0.0,0.0,0.0,0.0,0.0,0.0,0.0,0.0,0.0,0.0,0.0,0.0,0.0,0.0,0.0,0.0,0.0,0.0,0.0,0.0,0.0,0.0,0.0,0.0,0.0,0.0,0.0,0.0,0.0,0.0,0.0,0.0,0.0,6.0,13.0
DOM,Dominican Republic,,0.0,0.0,0.0,0.0,0.0,0.0,0.0,0.0,0.0,0.0,0.0,0.0,0.0,2.0,0.0,0.0,0.0,0.0,0.0,0.0,0.0,0.0,0.0,113.0,253.0,274.0,14.0,1.0,0.0,0.0,3.0,4637.0,7650.0,7512.0,3477.0
ECU,Ecuador,,0.0,0.0,0.0,0.0,0.0,0.0,19.0,0.0,1.0,0.0,0.0,0.0,72.0,257.0,0.0,0.0,1.0,0.0,0.0,0.0,0.0,0.0,0.0,2.0,0.0,0.0,0.0,0.0,42.0,919.0,3668.0,3627.0,4356.0,1585.0,1646.0
EGY,Egypt,,91.0,267.0,14.0,0.0,3.0,0.0,48.0,24.0,225.0,5432.0,1314.0,405.0,245.0,26.0,16.0,608.0,668.0,1684.0,953.0,77.0,80.0,164.0,653.0,2150.0,2633.0,1547.0,4868.0,4606.0,4403.0,1833.0,1444.0,2874.0,4403.0,1231.0,887.0
SLV,El Salvador,,0.0,0.0,0.0,0.0,0.0,0.0,0.0,0.0,0.0,,0.0,0.0,0.0,0.0,0.0,0.0,0.0,0.0,0.0,0.0,0.0,0.0,0.0,2.0,0.0,0.0,0.0,0.0,1.0,0.0,0.0,38.0,509.0,0.0,0.0
GNQ,Equatorial Guinea,,463.0,270.0,49.0,43.0,53.0,0.0,0.0,1.0,1699.0,1250.0,13.0,321.0,1190.0,0.0,0.0,78.0,436.0,5.0,0.0,,38.0,18.0,24.0,1339.0,,,,0.0,1.0,44.0,270.0,157.0,297.0,32.0,32.0
ERI,Eritrea,,10.0,54.0,28.0,25.0,12.0,6.0,70.0,1199.0,142.0,198.0,127.0,45.0,194.0,48.0,51.0,82.0,0.0,55.0,128.0,19.0,24.0,376.0,460.0,204.0,789.0,320.0,316.0,777.0,1783.0,185.0,541.0,267.0,,,
EST,Estonia,,4.0,4.0,0.0,0.0,0.0,27.0,10.0,1.0,2.0,4.0,0.0,2.0,4.0,7.0,0.0,0.0,0.0,1.0,27.0,2.0,0.0,0.0,0.0,0.0,9.0,12.0,17.0,18.0,19.0,17.0,230.0,312.0,71.0,129.0,33.0
SWZ,Eswatini,,0.0,3.0,64.0,0.0,0.0,0.0,0.0,0.0,1.0,0.0,0.0,0.0,0.0,0.0,313.0,26.0,1.0,0.0,0.0,0.0,0.0,350.0,37.0,49.0,10.0,0.0,180.0,609.0,2201.0,171.0,610.0,7148.0,2042.0,1467.0,1465.0
ETH,Ethiopia,,31044.0,24038.0,9292.0,1953.0,1952.0,3998.0,1752.0,1921.0,4579.0,17745.0,12739.0,5253.0,4347.0,3255.0,4235.0,1176.0,3511.0,1446.0,1451.0,357.0,73.0,228.0,3332.0,2366.0,1660.0,5329.0,1603.0,1113.0,1586.0,562.0,1133.0,1152.0,4815.0,497.0,1836.0
FJI,Fiji,,,,,,,28.0,0.0,,5.0,,,,0.0,,0.0,1.0,0.0,0.0,136.0,,37.0,305.0,304.0,17.0,,,,828.0,39.0,414.0,39.0,425.0,969.0,,32.0
FIN,Finland,,2.0,1.0,0.0,3.0,4.0,12.0,15.0,11.0,4.0,2.0,,2.0,,27.0,5.0,2.0,5.0,0.0,0.0,1.0,0.0,0.0,0.0,1.0,,,1.0,0.0,0.0,6.0,1.0,0.0,5.0,8.0,3.0
FRA,France,,483.0,117.0,15.0,16.0,240.0,2637.0,2921.0,519.0,79.0,157.0,267.0,272.0,,14949.0,5048.0,1541.0,604.0,39.0,40.0,36.0,4448.0,,5185.0,,10000.0,,,80000.0,66000.0,54239.0,44005.0,77232.0,109548.0,156849.0,
PYF,French Polynesia,,0.0,0.0,0.0,0.0,0.0,,,,,,,0.0,0.0,0.0,0.0,0.0,0.0,0.0,,,,,,3.0,,13.0,0.0,518.0,387.0,7.0,95.0,21.0,22.0,31.0,30.0
GAB,Gabon,,32.0,1167.0,1293.0,134.0,9.0,2.0,1.0,1075.0,1509.0,27.0,33.0,122.0,2.0,2.0,1.0,0.0,3.0,0.0,90.0,0.0,63.0,,110.0,5129.0,15.0,,,,70.0,,,958.0,1245.0,,738.0
GMB,Gambia,,8.0,38.0,58.0,0.0,,1.0,4.0,1.0,45.0,71.0,1.0,0.0,0.0,0.0,2.0,0.0,0.0,0.0,0.0,0.0,0.0,119.0,32.0,99.0,336.0,856.0,,1500.0,15.0,130.0,280.0,912.0,364.0,164.0,
GEO,Georgia,,350.0,39.0,12.0,5.0,20.0,3918.0,2199.0,94.0,14.0,431.0,3188.0,7872.0,31.0,64.0,22.0,23.0,56.0,44.0,334.0,1356.0,6847.0,216.0,199.0,35.0,50.0,144.0,218.0,342.0,304.0,181.0,723.0,409.0,115.0,352.0,
DEU,Germany,,645.0,79.0,15.0,10.0,76.0,514.0,543.0,929.0,326.0,2464.0,443.0,1771.0,166.0,1607.0,780.0,574.0,917.0,567.0,2307.0,778.0,121.0,779.0,4657.0,6024.0,,,,,,,,,,,
GHA,Ghana,,1944.0,2282.0,395.0,52.0,88.0,1274.0,34.0,19.0,32.0,23.0,124.0,319.0,1613.0,120.0,641.0,101.0,82.0,6.0,420.0,435.0,60.0,1939.0,12289.0,13476.0,23068.0,15987.0,23335.0,37261.0,34273.0,40276.0,34821.0,34641.0,39933.0,17135.0,32246.0
GRC,Greece,,38.0,0.0,0.0,0.0,3.0,45.0,2291.0,968.0,0.0,1.0,1.0,3.0,3.0,40.0,149.0,2.0,1.0,2.0,,122.0,1.0,,5.0,12.0,56.0,69.0,66.0,136.0,6082.0,112.0,163.0,503.0,3448.0,1371.0,245.0
GRD,Grenada,,0.0,0.0,0.0,,0.0,0.0,0.0,0.0,0.0,0.0,0.0,0.0,0.0,0.0,0.0,0.0,0.0,0.0,0.0,0.0,0.0,0.0,0.0,0.0,0.0,0.0,0.0,0.0,0.0,3.0,0.0,0.0,0.0,2.0,6.0
GUM,Guam,,0.0,0.0,,,,0.0,0.0,0.0,0.0,0.0,,0.0,0.0,1.0,0.0,0.0,0.0,0.0,,0.0,2.0,7.0,,0.0,0.0,1.0,0.0,0.0,0.0,0.0,228.0,25.0,4.0,62.0,1.0
GTM,Guatemala,,0.0,0.0,0.0,0.0,0.0,0.0,1.0,0.0,0.0,0.0,0.0,0.0,0.0,0.0,0.0,0.0,0.0,0.0,0.0,0.0,0.0,0.0,0.0,0.0,0.0,0.0,1.0,8.0,1.0,23.0,204.0,17.0,97.0,209.0,8802.0
GIN,Guinea,,577.0,94.0,417.0,505.0,506.0,4555.0,482.0,2036.0,316.0,243.0,175.0,53.0,6.0,11.0,45.0,264.0,89.0,3.0,4.0,99.0,10.0,2497.0,2151.0,7408.0,11294.0,18004.0,9170.0,10170.0,10292.0,1085.0,2372.0,5228.0,1617.0,6708.0,12756.0
GNB,Guinea-Bissau,,0.0,5.0,213.0,,22.0,60.0,28.0,11.0,0.0,153.0,1.0,0.0,0.0,0.0,26.0,0.0,12.0,1.0,0.0,0.0,3526.0,1158.0,298.0,126.0,,472.0,,498.0,73.0,528.0,378.0,1707.0,842.0,2396.0,259.0
GUY,Guyana,,0.0,0.0,0.0,0.0,0.0,0.0,0.0,0.0,0.0,0.0,0.0,0.0,0.0,0.0,0.0,0.0,0.0,0.0,0.0,0.0,0.0,0.0,0.0,0.0,0.0,0.0,0.0,0.0,0.0,0.0,0.0,0.0,0.0,12.0,1.0
HTI,Haiti,,0.0,,0.0,0.0,0.0,0.0,0.0,0.0,,0.0,0.0,0.0,0.0,0.0,0.0,0.0,0.0,0.0,0.0,0.0,0.0,0.0,0.0,159.0,992.0,0.0,3.0,0.0,1.0,,,,,,1414.0
HND,Honduras,,0.0,,,0.0,0.0,0.0,0.0,0.0,0.0,0.0,0.0,0.0,0.0,0.0,0.0,0.0,0.0,0.0,0.0,0.0,0.0,0.0,0.0,0.0,0.0,0.0,0.0,5.0,4.0,0.0,3.0,13.0,58.0,95.0,8360.0
HUN,Hungary,,18.0,1.0,0.0,0.0,0.0,23.0,14.0,36.0,0.0,0.0,0.0,1.0,2.0,5.0,0.0,1.0,0.0,0.0,1.0,2.0,0.0,0.0,0.0,20.0,1.0,1.0,23.0,24.0,12.0,4.0,11.0,33.0,14.0,16.0,29.0
ISL,Iceland,,2.0,0.0,0.0,0.0,0.0,9.0,0.0,3.0,1.0,0.0,0.0,0.0,0.0,0.0,0.0,0.0,0.0,0.0,0.0,0.0,0.0,0.0,,0.0,0.0,,,1.0,1.0,2.0,7.0,8.0,8.0,10.0,14.0
IND,India,,18530.0,65150.0,40967.0,5700.0,5604.0,10430.0,19474.0,12032.0,17250.0,30168.0,26530.0,8285.0,3305.0,33634.0,31458.0,56188.0,44258.0,41144.0,64185.0,36711.0,55443.0,47147.0,40044.0,51780.0,38835.0,21013.0,33990.0,61004.0,47072.0,37494.0,50518.0,50391.0,71798.0,77859.0,89612.0
IDN,Indonesia,,6328.0,18063.0,7704.0,394.0,524.0,1965.0,5300.0,9035.0,6962.0,15099.0,12943.0,8419.0,15489.0,21893.0,18869.0,20818.0,15369.0,19456.0,20422.0,15853.0,29171.0,24457.0,14492.0,3825.0,3344.0,4767.0,1034.0,15313.0,35383.0,37693.0,48147.0,63751.0,80580.0,90358.0,92105.0
IRN,Iran (Islamic Republic of),,449.0,648.0,230.0,103.0,4.0,20.0,203.0,51.0,82.0,615.0,99.0,189.0,332.0,73.0,538.0,262.0,127.0,133.0,220.0,7.0,3.0,11644.0,9554.0,9582.0,11874.0,4137.0,2869.0,3901.0,2329.0,263.0,506.0,4616.0,5028.0,6034.0,5341.0
IRQ,Iraq,,32494.0,12331.0,12.0,197.0,,3799.0,489.0,41.0,37.0,1433.0,1317.0,669.0,15.0,15.0,492.0,30328.0,5494.0,230.0,474.0,908.0,9081.0,,,4088.0,726.0,9920.0,43735.0,708.0,256.0,7650.0,10657.0,16339.0,20106.0,11358.0,3045.0
IRL,Ireland,,207.0,4.0,2.0,0.0,15.0,65.0,76.0,25.0,43.0,4.0,33.0,51.0,107.0,285.0,443.0,164.0,57.0,64.0,87.0,95.0,334.0,584.0,243.0,241.0,,147.0,204.0,185.0,228.0,235.0,1233.0,4328.0,179.0,135.0,556.0
ISR,Israel,,,,0.0,0.0,6.0,1139.0,3177.0,42.0,8.0,80.0,6.0,50.0,211.0,70.0,23.0,5.0,931.0,539.0,9.0,2.0,116.0,124.0,2.0,19.0,36.0,14.0,8.0,12.0,19.0,22.0,1555.0,141.0,66.0,991.0,230.0
ITA,Italy,,1045.0,44.0,15.0,9.0,103.0,1623.0,2682.0,4042.0,,159.0,,,376.0,5189.0,372.0,351.0,1617.0,321.0,439.0,135.0,599.0,10982.0,9385.0,,1457.0,2908.0,4072.0,41254.0,32596.0,37131.0,6158.0,16890.0,65013.0,23458.0,5223.0
JAM,Jamaica,,0.0,0.0,0.0,0.0,0.0,0.0,0.0,0.0,0.0,0.0,0.0,0.0,0.0,1.0,0.0,0.0,2.0,0.0,0.0,0.0,0.0,0.0,0.0,0.0,0.0,0.0,2.0,0.0,4.0,15.0,0.0,0.0,0.0,308.0,3651.0
JPN,Japan,,45.0,,,6.0,12.0,742.0,279.0,187.0,165.0,35.0,462.0,229.0,228.0,434.0,450.0,741.0,11015.0,,520.0,,8752.0,8286.0,33812.0,22552.0,22497.0,,899.0,,1640.0,,,2002.0,,5452.0,3259.0
JOR,Jordan,,14.0,,457.0,,0.0,48.0,0.0,0.0,0.0,0.0,20.0,120.0,3.0,0.0,0.0,0.0,2.0,41.0,1.0,28.0,21.0,76.0,19.0,61.0,32.0,115.0,428.0,7026.0,448.0,318.0,516.0,2985.0,1071.0,143.0,290.0
KAZ,Kazakhstan,,28147.0,15111.0,4.0,2.0,3270.0,13326.0,576.0,2.0,122.0,526.0,321.0,73.0,55.0,127.0,4.0,0.0,20.0,13.0,109.0,16118.0,2204.0,24.0,18.0,94.0,245.0,1391.0,1935.0,120.0,123.0,284.0,1788.0,3297.0,647.0,1425.0,273.0
KEN,Kenya,,1417.0,896.0,1774.0,266.0,597.0,439.0,822.0,63.0,128.0,95.0,354.0,190.0,,2395.0,95.0,1218.0,1282.0,1516.0,1847.0,153.0,20.0,65.0,766.0,11304.0,21002.0,8601.0,9262.0,3339.0,3572.0,3322.0,4180.0,961.0,65004.0,59937.0,77072.0
KIR,Kiribati,,0.0,,,1.0,0.0,3.0,0.0,0.0,,,0.0,0.0,0.0,0.0,0.0,0.0,0.0,0.0,,0.0,0.0,,0.0,0.0,0.0,2.0,355.0,25.0,13.0,4.0,292.0,114.0,4357.0,8.0,30.0
XKX,Kosovo (in accordance with UN Security Council resolution 1244 (1999)),,1.0,1.0,0.0,,,,,,,,,,,,,,,,,,,,,,,,,,,,,,,,
KWT,Kuwait,,7.0,6.0,7.0,3.0,,12.0,42.0,18.0,8.0,18.0,55.0,62.0,27.0,32.0,13.0,,,,,10.0,23.0,,,,6.0,13.0,90.0,26.0,15.0,12.0,432.0,260.0,383.0,165.0,71.0
KGZ,Kyrgyzstan,,14380.0,7046.0,,3.0,,2380.0,1007.0,5.0,0.0,17779.0,318.0,1.0,0.0,222.0,0.0,1.0,16.0,40.0,27.0,53.0,8.0,6.0,2.0,17.0,16.0,478.0,2397.0,998.0,74.0,17.0,168.0,3825.0,815.0,824.0,584.0
LAO,Lao People's Democratic Republic,,1.0,2.0,0.0,2.0,138.0,1119.0,10.0,3.0,8.0,56.0,339.0,71.0,32.0,113.0,153.0,78.0,174.0,1678.0,58.0,295.0,1491.0,1810.0,2070.0,94.0,332.0,2302.0,4613.0,671.0,917.0,3174.0,984.0,1083.0,520.0,1400.0,2168.0
LVA,Latvia,,0.0,1.0,0.0,0.0,0.0,3.0,25.0,0.0,0.0,0.0,36.0,0.0,3.0,1.0,0.0,0.0,3.0,0.0,7.0,2.0,0.0,,,1.0,0.0,0.0,3.0,4.0,3.0,2.0,10.0,54.0,248.0,6.0,21.0
LBN,Lebanon,,74.0,346.0,,,15.0,1047.0,944.0,126.0,44.0,39.0,112.0,1761.0,9.0,9.0,12.0,22.0,24.0,373.0,956.0,618.0,213.0,526.0,36.0,8.0,5.0,8.0,966.0,134.0,2.0,3.0,51.0,396.0,13.0,,
LSO,Lesotho,,2.0,17.0,3.0,368.0,39.0,464.0,7.0,0.0,0.0,0.0,0.0,516.0,179.0,172.0,2488.0,0.0,0.0,2.0,1.0,,31.0,1.0,0.0,217.0,660.0,944.0,,0.0,,304.0,573.0,235.0,1816.0,2351.0,2195.0
LBR,Liberia,,1053.0,4604.0,8300.0,250.0,884.0,1203.0,3781.0,960.0,789.0,1060.0,34.0,0.0,43.0,279.0,2200.0,6.0,1.0,1.0,20.0,8.0,4.0,142.0,131.0,1379.0,5977.0,1679.0,1436.0,2961.0,1938.0,56.0,571.0,6398.0,5776.0,,
LBY,Libya,,207.0,257.0,32.0,,,188.0,1082.0,8.0,32.0,82.0,372.0,,320.0,,,329.0,8.0,59.0,1.0,292.0,2771.0,,3890.0,633.0,,,50.0,26.0,,,1127.0,733.0,3691.0,1695.0,931.0
LTU,Lithuania,,30.0,3.0,0.0,0.0,2.0,834.0,30.0,2.0,22.0,50.0,11.0,35.0,0.0,7.0,2.0,0.0,1.0,0.0,1.0,1.0,1.0,1.0,103.0,7.0,19.0,23.0,18.0,30.0,35.0,188.0,286.0,249.0,200.0,143.0,
LUX,Luxembourg,,3.0,0.0,0.0,0.0,0.0,24.0,4.0,4.0,0.0,0.0,,0.0,2.0,6.0,0.0,0.0,1.0,0.0,8.0,,0.0,1.0,,,0.0,,,1.0,25.0,1.0,1.0,4.0,48.0,1.0,16.0
MDG,Madagascar,,104.0,355.0,80.0,44.0,777.0,213231.0,21420.0,11.0,5.0,3.0,3.0,6.0,2.0,0.0,1.0,0.0,3.0,0.0,2.0,,35558.0,62233.0,10795.0,9357.0,35256.0,35196.0,15510.0,13865.0,5961.0,11731.0,14164.0,6060.0,1846.0,5824.0,14459.0
MWI,Malawi,,958.0,173.0,29.0,5.0,76.0,17.0,1.0,4.0,0.0,0.0,3.0,1.0,11.0,26.0,118712.0,21.0,20.0,143.0,1.0,184.0,1116.0,167.0,92.0,150.0,304.0,152.0,3591.0,10845.0,9120.0,4218.0,2164.0,3614.0,32177.0,5730.0,
MYS,Malaysia,,3791.0,2002.0,209.0,128.0,478.0,1077.0,1981.0,1709.0,1569.0,1318.0,221.0,195.0,1868.0,1569.0,73.0,153.0,334.0,394.0,564.0,1407.0,5729.0,632.0,408.0,2198.0,6187.0,2576.0,483.0,627.0,460.0,654.0,346.0,542.0,363.0,275.0,563.0
MDV,Maldives,,2.0,5.0,0.0,0.0,15.0,0.0,1.0,1.0,0.0,0.0,0.0,0.0,0.0,0.0,0.0,6.0,0.0,20.0,47.0,1395.0,37.0,75.0,926.0,0.0,20.0,,0.0,,0.0,3070.0,706.0,61.0,0.0,0.0,0.0
MLI,Mali,,368.0,364.0,765.0,2074.0,498.0,454.0,499.0,26.0,107.0,215.0,290.0,221.0,341.0,24.0,1719.0,2939.0,98.0,2.0,128.0,33.0,172.0,232.0,717.0,4464.0,1578.0,2506.0,10240.0,3531.0,10995.0,3306.0,3420.0,10595.0,7830.0,13473.0,1388.0
MLT,Malta,,10.0,0.0,0.0,1.0,2.0,30.0,6.0,0.0,0.0,2.0,0.0,,,3.0,0.0,1.0,1.0,2.0,1.0,6.0,4.0,4.0,7.0,2.0,2.0,1.0,3.0,5.0,16.0,27.0,8.0,3.0,43.0,8.0,6.0
MHL,Marshall Islands,,0.0,0.0,,0.0,,,,,,,,,0.0,0.0,0.0,0.0,,0.0,0.0,0.0,0.0,1127.0,0.0,0.0,0.0,0.0,0.0,0.0,0.0,,0.0,9.0,10.0,19.0,14.0
MRT,Mauritania,,1107.0,339.0,96.0,249.0,0.0,196.0,77.0,63.0,13.0,1.0,14.0,62.0,35.0,234.0,1292.0,322.0,4.0,11.0,22.0,127.0,5039.0,3611.0,883.0,1398.0,,5263.0,1303.0,499.0,,195.0,2668.0,5754.0,4990.0,4601.0,1379.0
MUS,Mauritius,,0.0,0.0,0.0,0.0,,98.0,,0.0,0.0,,0.0,0.0,0.0,2.0,12.0,15.0,12.0,13.0,3.0,7.0,28.0,777.0,,0.0,0.0,0.0,,0.0,0.0,6.0,10.0,88.0,7.0,0.0,1.0
MEX,Mexico,,7.0,0.0,0.0,0.0,196.0,0.0,5.0,0.0,0.0,0.0,3.0,0.0,0.0,3.0,0.0,0.0,0.0,0.0,23.0,6.0,64.0,44.0,0.0,3.0,30.0,0.0,0.0,0.0,2.0,244.0,128.0,172.0,533.0,5077.0,68782.0
FSM,Micronesia (Federated States of),,,1.0,1.0,,,0.0,0.0,0.0,0.0,0.0,140.0,0.0,0.0,0.0,,0.0,,0.0,0.0,0.0,0.0,0.0,,0.0,0.0,0.0,0.0,0.0,,0.0,930.0,0.0,41.0,0.0,1.0
MCO,Monaco,,2.0,0.0,,0.0,,1.0,0.0,1.0,,,,,5.0,,,,,,,,,0.0,,,,,0.0,,,,,,160.0,,0.0
MNG,Mongolia,,12.0,0.0,46.0,,0.0,2.0,1.0,9.0,30273.0,20359.0,0.0,0.0,0.0,0.0,7.0,8.0,31.0,12.0,26.0,0.0,0.0,18.0,1205.0,10677.0,925.0,10.0,8.0,4.0,128.0,555.0,177.0,71.0,1069.0,656.0,296.0
MNE,Montenegro,,35.0,0.0,0.0,0.0,0.0,0.0,200.0,0.0,0.0,,,0.0,0.0,5.0,5.0,0.0,0.0,0.0,0.0,,,,,,,,,,,,,,,,
MSR,Montserrat,,0.0,0.0,0.0,0.0,,0.0,0.0,0.0,,,,,,,,,,,,,,,0.0,0.0,,0.0,0.0,0.0,0.0,0.0,0.0,0.0,0.0,0.0,0.0
MAR,Morocco,,,,,,,,483.0,,,17.0,10.0,92.0,668.0,982.0,633.0,834.0,1455.0,2248.0,1217.0,,6399.0,10841.0,6000.0,2724.0,7368.0,10853.0,7863.0,2512.0,1324.0,2380.0,3512.0,8431.0,6008.0,2125.0,1577.0
MOZ,Mozambique,,1237.0,656.0,1047.0,619.0,426.0,63.0,16.0,122.0,,79.0,9.0,8.0,145.0,177.0,2321.0,60.0,4.0,267.0,183.0,12598.0,9396.0,28898.0,7155.0,7085.0,7375.0,3936.0,15693.0,15324.0,9251.0,4166.0,9618.0,5799.0,3092.0,5059.0,18082.0
MMR,Myanmar,,30.0,15.0,10.0,8.0,444.0,5252.0,1389.0,1293.0,266.0,6.0,122.0,1010.0,2175.0,2046.0,190.0,329.0,333.0,1088.0,760.0,314.0,1329.0,830.0,736.0,2519.0,845.0,791.0,1465.0,1035.0,1684.0,1170.0,1855.0,2682.0,1794.0,4437.0,7900.0
NAM,Namibia,,15.0,42.0,31.0,4.0,5.0,12.0,9.0,16.0,40.0,212.0,477.0,1028.0,86.0,79.0,3138.0,4076.0,0.0,21.0,3.0,4.0,4.0,262.0,1278.0,416.0,469.0,296.0,495.0,5359.0,4901.0,1723.0,133.0,1328.0,6874.0,,
NRU,Nauru,,0.0,,,,,0.0,,,0.0,,,,11.0,0.0,,0.0,0.0,0.0,0.0,0.0,0.0,,0.0,0.0,0.0,1.0,,58.0,,0.0,,,,,300.0
NPL,Nepal,,113.0,963.0,130.0,143.0,388.0,430.0,260.0,99.0,1269.0,1599.0,1279.0,1861.0,3362.0,2359.0,190.0,189.0,2089.0,1415.0,2838.0,5023.0,12074.0,13344.0,6749.0,10849.0,9397.0,,5771.0,12677.0,7213.0,4810.0,1401.0,59.0,136.0,93.0,182.0
NLD,Netherlands (Kingdom of the),,202.0,7.0,6.0,0.0,2.0,84.0,24.0,16.0,6.0,7.0,140.0,2632.0,10.0,51.0,15.0,15.0,109.0,10.0,1.0,4.0,11.0,4.0,3.0,,1019.0,2368.0,9.0,21.0,57.0,184.0,302.0,468.0,472.0,59.0,16.0
NCL,New Caledonia,,0.0,0.0,0.0,,,,0.0,1.0,,,,0.0,0.0,0.0,0.0,0.0,0.0,0.0,,0.0,,0.0,,0.0,0.0,,,0.0,,2.0,6.0,6.0,3.0,5.0,18.0
NZL,New Zealand,,1.0,,0.0,0.0,7.0,2189.0,30.0,15.0,103.0,10.0,280.0,8.0,68.0,597.0,43.0,198.0,,25.0,20.0,20.0,33.0,66.0,21.0,65.0,65.0,106.0,164.0,2041.0,,,33.0,69.0,,9239.0,
NIC,Nicaragua,,0.0,0.0,0.0,0.0,0.0,0.0,0.0,0.0,0.0,0.0,0.0,0.0,0.0,0.0,0.0,0.0,0.0,0.0,0.0,0.0,0.0,0.0,0.0,0.0,0.0,0.0,0.0,0.0,0.0,5.0,3.0,339.0,2332.0,0.0,0.0
NER,Niger,,2362.0,1708.0,12898.0,9271.0,2754.0,10321.0,5034.0,1171.0,776.0,7693.0,1142.0,1224.0,272.0,771.0,372.0,801.0,1317.0,282.0,59.0,2183.0,63057.0,54190.0,31584.0,61208.0,21319.0,36156.0,11404.0,32649.0,68921.0,67986.0,48685.0,36557.0,31341.0,90071.0,20463.0
NGA,Nigeria,,14999.0,20143.0,23983.0,10649.0,8877.0,28094.0,7063.0,11190.0,17136.0,12423.0,6855.0,52852.0,6447.0,18843.0,8491.0,1272.0,9960.0,2613.0,704.0,110927.0,31521.0,141258.0,42007.0,168107.0,212183.0,217151.0,143098.0,21385.0,88675.0,12393.0,106081.0,54734.0,85965.0,44026.0,115682.0
NIU,Niue,,,,0.0,,,0.0,,,,,,0.0,0.0,0.0,0.0,0.0,0.0,0.0,,0.0,0.0,0.0,0.0,0.0,0.0,0.0,0.0,0.0,0.0,0.0,2.0,0.0,0.0,121.0,
MKD,North Macedonia,,2.0,1.0,0.0,1.0,0.0,1819.0,64.0,19.0,0.0,1.0,116.0,4.0,7.0,701.0,217.0,5.0,27.0,1.0,3.0,5.0,9.0,18.0,19.0,27.0,36.0,53.0,,364.0,1056.0,217.0,229.0,2495.0,180.0,181.0,
MNP,Northern Mariana Islands,,0.0,0.0,,,,0.0,0.0,,,,,0.0,,0.0,0.0,0.0,0.0,0.0,,0.0,0.0,0.0,,,0.0,0.0,,1.0,,0.0,29.0,116.0,7.0,,35.0
NOR,Norway,,10.0,2.0,1.0,0.0,4.0,18.0,12.0,1.0,0.0,14.0,3.0,8.0,4.0,39.0,3.0,2.0,4.0,,0.0,0.0,7.0,8.0,5.0,4.0,0.0,,,11.0,23.0,18.0,6.0,7.0,73.0,17.0,95.0
PSE,occupied Palestinian territory  including east Jerusalem,,,3.0,,11.0,1001.0,228.0,0.0,63.0,,,,,,,1.0,,,,,,,,,,5.0,138.0,40.0,28.0,33.0,,,,,,
OMN,Oman,,13.0,25.0,5.0,0.0,7.0,0.0,0.0,9.0,111.0,0.0,,0.0,13.0,5.0,3.0,19.0,18.0,24.0,13.0,25.0,18.0,1.0,5.0,15.0,15.0,9.0,5.0,12.0,46.0,68.0,181.0,3108.0,1834.0,220.0,1262.0
PAK,Pakistan,,24709.0,17722.0,8378.0,10399.0,2747.0,2066.0,33007.0,9175.0,2703.0,386.0,1370.0,8749.0,8046.0,4386.0,4321.0,863.0,1129.0,2801.0,7641.0,2981.0,4248.0,4740.0,3903.0,3849.0,2064.0,2940.0,2333.0,1848.0,1090.0,1720.0,1421.0,1967.0,2967.0,617.0,21785.0
PLW,Palau,,0.0,0.0,0.0,,,,,0.0,0.0,0.0,0.0,0.0,0.0,0.0,0.0,0.0,0.0,0.0,0.0,0.0,0.0,,0.0,,0.0,0.0,1.0,0.0,0.0,0.0,0.0,93.0,0.0,0.0,0.0
PAN,Panama,,0.0,,0.0,0.0,0.0,0.0,0.0,0.0,0.0,0.0,0.0,0.0,0.0,4.0,0.0,0.0,0.0,0.0,0.0,0.0,0.0,0.0,0.0,0.0,0.0,0.0,0.0,0.0,0.0,19.0,3.0,90.0,845.0,2430.0,1891.0
PNG,Papua New Guinea,,47.0,12.0,2.0,0.0,4.0,1.0,19.0,7.0,0.0,38.0,2299.0,12.0,0.0,0.0,0.0,0.0,0.0,0.0,1.0,1222.0,1385.0,3863.0,17620.0,4023.0,7135.0,6304.0,1148.0,678.0,2313.0,3730.0,6821.0,8212.0,6634.0,2740.0,4575.0
PRY,Paraguay,,0.0,0.0,1.0,0.0,0.0,0.0,0.0,0.0,0.0,0.0,0.0,0.0,0.0,0.0,0.0,0.0,0.0,0.0,0.0,0.0,0.0,0.0,0.0,0.0,0.0,0.0,70.0,143.0,13.0,73.0,122.0,2066.0,864.0,526.0,1396.0
PER,Peru,,2.0,0.0,0.0,0.0,0.0,2.0,42.0,0.0,0.0,4.0,0.0,0.0,0.0,0.0,0.0,0.0,1.0,0.0,0.0,0.0,0.0,0.0,0.0,0.0,1.0,12.0,10.0,95.0,105.0,353.0,670.0,1730.0,22605.0,1014.0,737.0
PHL,Philippines,,3844.0,2892.0,589.0,206.0,3832.0,48525.0,20827.0,2428.0,716.0,619.0,58848.0,2920.0,1536.0,6538.0,6368.0,1469.0,341.0,530.0,9.0,118.0,3025.0,10511.0,7003.0,7360.0,7120.0,2981.0,1984.0,9218.0,,3913.0,3006.0,7541.0,39304.0,29037.0,42938.0
POL,Poland,,272.0,35.0,27.0,13.0,29.0,1367.0,359.0,63.0,123.0,,,84.0,71.0,,13.0,115.0,,40.0,120.0,13.0,11.0,48.0,34.0,133.0,77.0,99.0,2255.0,338.0,639.0,752.0,864.0,1410.0,3695.0,2419.0,56471.0
PRT,Portugal,,35.0,0.0,0.0,0.0,10.0,10.0,162.0,34.0,34.0,0.0,,1.0,23.0,2.0,5.0,3.0,1.0,0.0,0.0,7.0,5.0,8.0,8.0,,45.0,50.0,96.0,129.0,112.0,192.0,3230.0,881.0,208.0,275.0,407.0
QAT,Qatar,,55.0,127.0,1.0,1.0,3.0,5.0,2.0,9.0,30.0,18.0,46.0,73.0,160.0,101.0,295.0,112.0,,361.0,144.0,74.0,29.0,24.0,34.0,23.0,46.0,,116.0,439.0,38.0,0.0,31.0,86.0,68.0,563.0,314.0
KOR,Republic of Korea,,49.0,7.0,,0.0,6.0,194.0,15.0,5.0,18.0,7.0,442.0,107.0,2.0,42.0,114.0,17.0,2.0,194.0,28.0,7.0,11.0,33.0,62.0,23060.0,32647.0,,4.0,2.0,71.0,71.0,7883.0,,,,3415.0
MDA,Republic of Moldova,,216.0,3.0,,0.0,,90.0,340.0,0.0,0.0,0.0,2.0,27.0,11.0,0.0,0.0,0.0,0.0,10.0,34.0,6.0,4.0,87.0,4929.0,457.0,687.0,245.0,673.0,364.0,344.0,1174.0,3951.0,866.0,322.0,621.0,3242.0
ROU,Romania,,25505.0,3677.0,17.0,2.0,1004.0,3900.0,6407.0,9076.0,2435.0,4.0,59.0,1159.0,7450.0,4189.0,193.0,8.0,12.0,353.0,3196.0,5043.0,117.0,9.0,14.0,10.0,35.0,240.0,9547.0,23579.0,906.0,2188.0,6228.0,28321.0,6061.0,1773.0,4691.0
RUS,Russian Federation,,22455.0,13083.0,102.0,1.0,1212.0,4491.0,2539.0,721.0,178.0,843.0,4711.0,2339.0,2123.0,629.0,129.0,101.0,27.0,173.0,1147.0,454.0,2444.0,3291.0,580.0,2072.0,4800.0,7428.0,6215.0,2874.0,7120.0,6630.0,28672.0,74463.0,18570.0,20449.0,18370.0
RWA,Rwanda,,53.0,108.0,29.0,40.0,108.0,818.0,229.0,145.0,95.0,1.0,10.0,17.0,75.0,31.0,121.0,5.0,6.0,26.0,494.0,129.0,386.0,1064.0,2738.0,896.0,2095.0,4359.0,,787.0,3988.0,28874.0,5999.0,9861.0,17429.0,5820.0,8970.0
BES,Saba,,0.0,,,,,,,,,,,,,,,,,,,,,,,,,,,,,,,,,,
KNA,Saint Kitts and Nevis,,0.0,0.0,0.0,0.0,0.0,0.0,0.0,0.0,0.0,0.0,0.0,0.0,0.0,0.0,0.0,0.0,0.0,0.0,0.0,0.0,0.0,0.0,0.0,0.0,0.0,0.0,0.0,0.0,0.0,1.0,0.0,0.0,0.0,0.0,80.0
LCA,Saint Lucia,,0.0,0.0,0.0,0.0,0.0,0.0,0.0,0.0,0.0,0.0,0.0,0.0,0.0,0.0,0.0,0.0,0.0,0.0,0.0,0.0,0.0,0.0,0.0,0.0,0.0,0.0,0.0,0.0,0.0,2.0,0.0,0.0,0.0,2.0,30.0
VCT,Saint Vincent and the Grenadines,,0.0,,0.0,0.0,0.0,0.0,0.0,0.0,0.0,0.0,0.0,0.0,0.0,0.0,0.0,0.0,0.0,0.0,0.0,0.0,0.0,0.0,0.0,0.0,0.0,0.0,0.0,0.0,0.0,0.0,0.0,0.0,0.0,0.0,1.0
WSM,Samoa,,0.0,0.0,0.0,0.0,11.0,5687.0,0.0,3.0,,,,,1.0,0.0,8.0,0.0,,,0.0,0.0,0.0,0.0,,,,,8.0,0.0,87.0,0.0,0.0,7.0,4.0,0.0,0.0
SMR,San Marino,,2.0,0.0,0.0,0.0,0.0,12.0,0.0,0.0,0.0,,,,1.0,0.0,0.0,0.0,,0.0,0.0,0.0,0.0,3.0,,,1.0,0.0,,22.0,,,,6.0,7.0,1.0,1.0
STP,Sao Tome and Principe,,,,,0.0,,0.0,0.0,0.0,0.0,3.0,0.0,0.0,0.0,0.0,0.0,0.0,0.0,0.0,0.0,0.0,0.0,0.0,0.0,0.0,0.0,,,0.0,0.0,23.0,319.0,88.0,0.0,0.0,10.0
SAU,Saudi Arabia,,1260.0,2254.0,247.0,338.0,35.0,1035.0,1164.0,459.0,125.0,219.0,154.0,1164.0,294.0,362.0,334.0,82.0,158.0,4648.0,807.0,373.0,1880.0,1208.0,311.0,155.0,,2815.0,5519.0,3978.0,2407.0,2574.0,1253.0,3182.0,11299.0,6368.0,5439.0
SEN,Senegal,,496.0,564.0,508.0,187.0,212.0,267.0,12.0,11.0,162.0,58.0,32.0,17.0,46.0,18.0,428.0,999.0,6.0,11.0,3.0,0.0,31.0,1519.0,18184.0,24789.0,5839.0,3668.0,6594.0,6594.0,8069.0,,5944.0,14693.0,15367.0,11427.0,5004.0
SRB,Serbia,,892.0,50.0,0.0,1.0,0.0,22.0,5076.0,721.0,11.0,383.0,37.0,1.0,0.0,370.0,20.0,1.0,2.0,201.0,2.0,2.0,11.0,15.0,63.0,35.0,38.0,288.0,922.0,4692.0,458.0,524.0,800.0,16777.0,2108.0,991.0,4978.0
SYC,Seychelles,,2.0,0.0,0.0,0.0,27.0,0.0,,0.0,0.0,0.0,0.0,0.0,0.0,0.0,0.0,0.0,0.0,1.0,10.0,0.0,0.0,0.0,0.0,0.0,,2.0,626.0,3.0,2.0,0.0,0.0,0.0,0.0,6.0,13.0
SLE,Sierra Leone,,129.0,645.0,731.0,170.0,17.0,40.0,344.0,1873.0,920.0,607.0,1006.0,15.0,678.0,1865.0,1089.0,31.0,44.0,0.0,33.0,29.0,7.0,586.0,568.0,649.0,3575.0,,,361.0,,344.0,114.0,2288.0,914.0,284.0,830.0
SGP,Singapore,,12.0,,,,,152.0,38.0,70.0,,,,138.0,42.0,148.0,50.0,16.0,18.0,15.0,23.0,33.0,96.0,33.0,211.0,408.0,141.0,65.0,114.0,1413.0,,185.0,159.0,0.0,606.0,216.0,143.0
BES,Sint Eustatius,,0.0,,,,,,,,,,,,,,,,,,,,,,,,,,,,,,,,,,
SXM,Sint Maarten (Dutch part),,,,,,,,0.0,0.0,,,,,,,,,,,,,,,,,,,,,,,,,,,
SVK,Slovakia,,4.0,6.0,0.0,0.0,0.0,318.0,565.0,7.0,0.0,1.0,0.0,0.0,0.0,0.0,0.0,0.0,0.0,0.0,0.0,0.0,2.0,1.0,0.0,0.0,0.0,0.0,530.0,620.0,0.0,2.0,29.0,551.0,415.0,211.0,47.0
SVN,Slovenia,,17.0,1.0,0.0,0.0,6.0,51.0,9.0,8.0,1.0,18.0,52.0,1.0,2.0,22.0,2.0,0.0,0.0,0.0,0.0,0.0,0.0,0.0,0.0,0.0,,1.0,13.0,9.0,8.0,398.0,134.0,7.0,10.0,32.0,
SLB,Solomon Islands,,,0.0,,,,,0.0,0.0,0.0,0.0,,0.0,0.0,0.0,0.0,0.0,0.0,0.0,0.0,0.0,0.0,0.0,0.0,0.0,,,0.0,0.0,0.0,0.0,640.0,1527.0,86.0,45.0,343.0
SOM,Somalia,,1529.0,3167.0,17361.0,7191.0,2531.0,283.0,9126.0,23039.0,26.0,7497.0,10229.0,3173.0,9983.0,17298.0,115.0,13.0,1081.0,1149.0,7.0,,12008.0,8257.0,9559.0,3571.0,3965.0,5523.0,3075.0,,1830.0,,,,,,
ZAF,South Africa,,931.0,1033.0,400.0,21.0,40.0,59.0,71.0,210.0,18.0,17.0,66.0,25.0,32.0,92.0,12499.0,5857.0,39.0,31.0,81.0,615.0,830.0,244.0,1043.0,1166.0,1459.0,385.0,977.0,1337.0,6501.0,8845.0,6845.0,12870.0,22745.0,4777.0,10624.0
SSD,South Sudan,,3114.0,7957.0,3608.0,,1290.0,3401.0,263.0,487.0,898.0,878.0,441.0,525.0,1952.0,1256.0,,,,,,,,,,,,,,,,,,,,,
ESP,Spain,,227.0,15.0,1.0,2.0,89.0,288.0,225.0,161.0,37.0,115.0,154.0,131.0,1204.0,3802.0,302.0,41.0,297.0,267.0,362.0,22.0,26.0,256.0,67.0,,152.0,246.0,446.0,1842.0,4964.0,8849.0,6796.0,11985.0,24460.0,24445.0,21650.0
LKA,Sri Lanka,,298.0,810.0,0.0,,2.0,49.0,1.0,1.0,112.0,1568.0,1686.0,2107.0,51.0,60.0,79.0,21.0,33.0,44.0,0.0,3.0,35.0,65.0,139.0,309.0,16527.0,2417.0,177.0,195.0,158.0,408.0,566.0,558.0,701.0,1896.0,4004.0
SDN,Sudan,,1337.0,1377.0,1575.0,,401.0,3555.0,4980.0,665.0,1767.0,3585.0,676.0,2813.0,8523.0,5616.0,680.0,68.0,129.0,327.0,228.0,1374.0,9562.0,4381.0,4529.0,4362.0,2875.0,3347.0,550.0,350.0,2559.0,841.0,963.0,683.0,17017.0,30014.0,14075.0
SUR,Suriname,,0.0,0.0,0.0,0.0,0.0,0.0,0.0,0.0,0.0,0.0,0.0,0.0,0.0,0.0,0.0,0.0,0.0,0.0,0.0,0.0,0.0,0.0,0.0,0.0,0.0,0.0,0.0,0.0,0.0,0.0,0.0,0.0,0.0,0.0,35.0
SWE,Sweden,,38.0,11.0,5.0,0.0,5.0,20.0,43.0,41.0,3.0,22.0,26.0,51.0,30.0,26.0,6.0,3.0,25.0,1.0,19.0,13.0,5.0,3.0,9.0,5.0,59.0,,,62.0,44.0,23.0,21.0,25.0,57.0,25.0,29.0
CHE,Switzerland,,97.0,52.0,1.0,0.0,37.0,244.0,50.0,105.0,65.0,35.0,23.0,175.0,61.0,621.0,77.0,958.0,2022.0,1015.0,,60.0,39.0,574.0,,700.0,,800.0,2000.0,6400.0,2000.0,1400.0,1400.0,3000.0,4300.0,2700.0,1990.0
SYR,Syrian Arab Republic,,128.0,744.0,217.0,11.0,15.0,27.0,329.0,737.0,66.0,45.0,594.0,740.0,13.0,13.0,26.0,22.0,19.0,403.0,517.0,375.0,189.0,801.0,538.0,290.0,146.0,3.0,5400.0,6850.0,2060.0,1362.0,1334.0,2300.0,374.0,359.0,535.0
TJK,Tajikistan,,0.0,294.0,454.0,10.0,168.0,7.0,0.0,654.0,52.0,3.0,0.0,1.0,16.0,1.0,0.0,0.0,0.0,2.0,3.0,,4.0,2144.0,927.0,38.0,192.0,177.0,3070.0,3882.0,42.0,56.0,531.0,5045.0,2439.0,1241.0,6897.0
THA,Thailand,,8202.0,64.0,64.0,,,5412.0,6035.0,1946.0,652.0,154.0,,2641.0,5197.0,3156.0,2583.0,6071.0,7790.0,3893.0,3588.0,3526.0,4165.0,4519.0,10315.0,7319.0,4074.0,3167.0,13734.0,15122.0,5757.0,11112.0,38659.0,17851.0,7892.0,26709.0,29244.0
TLS,Timor-Leste,,2.0,7.0,8.0,,2.0,22.0,0.0,0.0,2.0,43.0,47.0,4.0,16.0,763.0,50.0,10.0,0.0,0.0,90.0,203.0,41.0,94.0,0.0,,,,,,,,,,,,
TGO,Togo,,353.0,686.0,722.0,82.0,91.0,69.0,38.0,46.0,15.0,20.0,577.0,564.0,238.0,187.0,120.0,425.0,187.0,8.0,26.0,38.0,61.0,295.0,363.0,1833.0,3578.0,2540.0,3771.0,450.0,223.0,6144.0,7298.0,4017.0,6959.0,9934.0,4548.0
TKL,Tokelau,,0.0,,,,,0.0,0.0,5.0,,,,,0.0,0.0,0.0,0.0,,,,0.0,0.0,0.0,,0.0,0.0,0.0,0.0,0.0,0.0,0.0,,0.0,0.0,0.0,0.0
TON,Tonga,,0.0,12.0,,,,659.0,0.0,0.0,0.0,,,0.0,0.0,0.0,0.0,0.0,0.0,0.0,0.0,0.0,0.0,0.0,0.0,4.0,0.0,6.0,36.0,1081.0,0.0,0.0,,0.0,10.0,18.0,65.0
TTO,Trinidad and Tobago,,0.0,0.0,,0.0,0.0,0.0,0.0,0.0,0.0,0.0,0.0,0.0,0.0,0.0,0.0,0.0,0.0,0.0,0.0,0.0,0.0,0.0,0.0,0.0,0.0,0.0,0.0,1.0,0.0,0.0,0.0,0.0,0.0,141.0,511.0
TUN,Tunisia,,16.0,10.0,11.0,7.0,20.0,4669.0,13.0,5.0,7.0,16.0,15.0,16.0,48.0,11.0,1.0,1.0,2.0,4.0,3.0,15.0,1.0,22.0,98.0,231.0,47.0,101.0,123.0,371.0,533.0,676.0,597.0,1413.0,11872.0,1250.0,547.0
TKM,Turkmenistan,,0.0,0.0,0.0,0.0,0.0,0.0,0.0,0.0,0.0,0.0,0.0,0.0,0.0,0.0,0.0,0.0,0.0,59.0,48.0,0.0,1.0,1.0,11.0,9.0,113.0,452.0,1035.0,377.0,96.0,393.0,2613.0,2486.0,692.0,1346.0,2806.0
TCA,Turks and Caicos Islands,,2.0,0.0,0.0,0.0,0.0,0.0,0.0,0.0,,,,,,,,,,,,,,0.0,0.0,0.0,0.0,0.0,0.0,0.0,0.0,4.0,0.0,0.0,0.0,8.0,2.0
TUV,Tuvalu,,,,,,,0.0,,,,,,,0.0,0.0,0.0,0.0,0.0,0.0,0.0,0.0,0.0,0.0,0.0,0.0,,0.0,,14.0,51.0,1.0,0.0,0.0,1.0,0.0,
TUR,Türkiye,,1582.0,5088.0,103.0,,,2904.0,716.0,84.0,9.0,342.0,565.0,7405.0,349.0,111.0,7.0,4.0,0.0,3.0,34.0,6200.0,8927.0,5844.0,7823.0,30509.0,16244.0,16329.0,27120.0,22795.0,27171.0,13544.0,23733.0,34285.0,24626.0,22521.0,11372.0
UGA,Uganda,,2180.0,399.0,52.0,606.0,314.0,920.0,2627.0,1021.0,139.0,478.0,314.0,7878.0,2027.0,3312.0,1313.0,1601.0,1319.0,3776.0,5736.0,22.0,141.0,29429.0,49871.0,48543.0,42554.0,42737.0,42528.0,12562.0,26198.0,42659.0,49815.0,,36511.0,,2637.0
UKR,Ukraine,,433.0,66.0,11.0,16.0,264.0,57282.0,53219.0,4782.0,102.0,105.0,,,12746.0,1333.0,39.0,,48.0,1005.0,42724.0,2392.0,146.0,411.0,7587.0,16970.0,817.0,1389.0,5107.0,7000.0,8678.0,1923.0,9837.0,23452.0,13289.0,5321.0,6841.0
ARE,United Arab Emirates,,559.0,484.0,98.0,35.0,50.0,187.0,172.0,121.0,223.0,347.0,344.0,,132.0,,87.0,,55.0,,,29.0,22.0,42.0,53.0,30.0,69.0,117.0,296.0,243.0,425.0,671.0,518.0,745.0,1063.0,1148.0,1187.0
GBR,United Kingdom of Great Britain and Northern Ireland,,3426.0,493.0,63.0,2.0,95.0,1092.0,1216.0,364.0,558.0,91.0,133.0,1919.0,2092.0,1112.0,443.0,1212.0,1445.0,1022.0,764.0,79.0,189.0,460.0,314.0,73.0,104.0,,74.0,4844.0,6866.0,9017.0,23525.0,12018.0,12317.0,11727.0,28228.0
TZA,United Republic of Tanzania,,992.0,2887.0,612.0,0.0,127.0,120.0,74.0,852.0,33.0,30.0,88.0,185.0,1668.0,1622.0,167.0,1574.0,3413.0,7726.0,2362.0,23.0,1419.0,1673.0,5131.0,11847.0,14649.0,5887.0,10023.0,7287.0,10676.0,3160.0,3558.0,16471.0,13040.0,27188.0,14920.0
USA,United States of America,,,121.0,,14.0,1275.0,,375.0,120.0,85.0,188.0,667.0,187.0,55.0,220.0,63.0,71.0,140.0,43.0,55.0,66.0,37.0,56.0,41.0,116.0,85.0,100.0,100.0,138.0,489.0,309.0,958.0,312.0,2231.0,9643.0,27786.0
URY,Uruguay,,0.0,0.0,0.0,0.0,2.0,9.0,0.0,0.0,0.0,0.0,0.0,0.0,0.0,0.0,0.0,0.0,0.0,0.0,0.0,0.0,0.0,0.0,0.0,0.0,0.0,34.0,6.0,2.0,2.0,5.0,0.0,16.0,187.0,2040.0,110.0
UZB,Uzbekistan,,20940.0,1176.0,7.0,0.0,4103.0,1672.0,22.0,0.0,1.0,22.0,8.0,0.0,,476.0,117.0,0.0,2.0,863.0,823.0,737.0,75.0,85.0,25.0,22.0,80.0,1193.0,875.0,261.0,228.0,294.0,1661.0,2354.0,2020.0,3878.0,3943.0
VUT,Vanuatu,,0.0,0.0,0.0,0.0,0.0,0.0,0.0,,,39.0,10.0,0.0,0.0,0.0,0.0,0.0,0.0,0.0,0.0,3.0,,165.0,101.0,7.0,9.0,12.0,,113.0,4.0,27.0,27.0,67.0,154.0,541.0,67.0
VEN,Venezuela (Bolivarian Republic of),,0.0,0.0,0.0,0.0,0.0,548.0,5667.0,727.0,0.0,0.0,0.0,0.0,1.0,0.0,0.0,0.0,0.0,32.0,78.0,0.0,0.0,0.0,2392.0,115.0,22.0,0.0,4.0,27.0,89.0,172.0,15364.0,20244.0,11949.0,15273.0,9881.0
VNM,Viet Nam,,7854.0,43.0,23.0,162.0,846.0,14156.0,2256.0,227.0,46.0,256.0,15033.0,1123.0,578.0,750.0,2809.0,6582.0,352.0,17.0,1978.0,410.0,217.0,2297.0,6755.0,12058.0,16512.0,14134.0,11690.0,6507.0,5156.0,6171.0,11853.0,12015.0,11830.0,9874.0,8175.0
WLF,Wallis and Futuna,,,,,,,,0.0,,,,,0.0,0.0,,,,,0.0,,,,0.0,,,0.0,0.0,0.0,0.0,,13.0,9.0,9.0,0.0,,
YEM,Yemen,,5992.0,49755.0,23941.0,4904.0,298.0,1161.0,10640.0,433.0,143.0,468.0,815.0,400.0,2177.0,2676.0,510.0,130.0,7.0,13.0,8079.0,6285.0,12708.0,8536.0,890.0,485.0,,26126.0,8785.0,51.0,,225.0,35.0,601.0,2420.0,75.0,
ZMB,Zambia,,299.0,5653.0,1755.0,55.0,237.0,15.0,11.0,13.0,8.0,9.0,9.0,35.0,896.0,13234.0,15754.0,26.0,140.0,535.0,459.0,45.0,35.0,881.0,25036.0,16997.0,30930.0,23518.0,,7140.0,9459.0,8533.0,14255.0,11829.0,11006.0,2822.0,6748.0
ZWE,Zimbabwe,,,5532.0,5532.0,282.0,3.0,4.0,1.0,1.0,1.0,0.0,0.0,0.0,0.0,0.0,9696.0,853.0,0.0,242.0,212.0,420.0,31.0,998.0,304.0,529.0,1483.0,772.0,2049.0,12971.0,37407.0,8529.0,37785.0,34071.0,17346.0,24090.0,13728.0
