,ISO,Country / Region,Disease,2025,2024,2023,2022,2021,2020,2019,2018,2017,2016,2015,2014,2013,2012,2011,2010,2009,2008,2007,2006,2005,2004,2003,2002,2001,2000,1999,1998,1997,1996,1995,1994,1993,1992,1991,1990
Afghanistan – AFG  ,AFG  ,Afghanistan,Measles,,9 769,2 792,5 166,2 900,640,353,2 012,1 511,638,1 154,492,430,2 787,3 013,1 989,2 861,1 599,1 141,1 990,1 296,466,798,2 486,8 762,6 532,3 609,2 205,,,,,,,792,1 609
Albania – ALB  ,ALB  ,Albania,Measles,,212,13,1,,4,488,1 469,12,17,,,0,9,28,10,0,,22,68,6,7,8,16,18,662,797,1 901,2 386,1 204,15,29,7,0,0,
Algeria – DZA  ,DZA  ,Algeria,Measles,,488,203,47,,,2 585,3 356,112,41,63,0,25,18,112,103,107,217,0,944,2 302,3 289,15 374,5 862,2 686,,2 503,3 301,19 573,21 003,8 204,5 913,3 141,8 823,5 969,1 796
American Samoa – ASM  ,ASM,American Samoa,Measles,,,,,,,,,,,,,,,0,,,0,0,,0,0,,,0,1,0,2,12,0,0,0,0,0,19,498
Andorra ,AND,Andorra,Measles,,0,0,0,0,0,0,0,0,0,0,0,0,0,0,0,0,0,0,0,0,0,0,1,5,2,2,,5,,,,,,,
Angola – AGO  ,AGO,Angola,Measles,,619,3 508,3 271,300,1 085,2 987,57,29,53,119,11 699,8 523,4 458,1 449,1 190,2 807,265,1 014,765,258,29,1 196,11 945,9 046,2 219,350,2 576,8 183,251,635,5 480,9 273,16 772,18 382,29 069
Anguilla – AIA  ,AIA,Anguilla,Measles,,0,0,0,0,0,0,0,0,,,,,,,,,,,,,,0,,0,0,0,0,0,0,0,0,0,0,1,15
Antigua and Barbuda – ATG  ,ATG,Antigua and Barbuda,Measles,,0,0,0,0,0,0,1,0,0,0,0,0,0,0,0,0,0,0,0,0,0,0,0,0,0,0,0,0,0,0,0,0,0,0,0
Argentina – ARG  ,ARG,Argentina,Measles,,,0,2,0,69,130,14,3,0,0,1,0,2,3,17,3,0,0,0,0,0,0,0,0,6,313,10 229,125,59,655,134,5 087,20 551,42 093,1 967
Armenia – ARM  ,ARM,Armenia,Measles,,561,554,0,0,0,7,19,1,2,33,13,10,0,0,2,0,0,1,137,2 281,1 783,4,40,69,15,41,52,802,2 027,187,149,338,46,192,879
Aruba – ABW  ,ABW,Aruba,Measles,,0,,0,0,,1,0,0,,,,,,,,,,,,,,,,,,,,,,,,,,,
Australia – AUS  ,AUS,Australia,Measles,,57,26,7,0,25,286,103,81,99,74,340,158,199,190,70,104,65,11,,10,70,91,32,141,108,235,327,853,498,1 198,4 895,4 536,1 425,1 380,880
Austria – AUT  ,AUT,Austria,Measles,,542,186,1,1,25,151,77,95,27,309,117,,36,68,52,49,448,20,23,9,15,90,,0,,1,0,0,,,,60,,,
Azerbaijan – AZE  ,AZE,Azerbaijan,Measles,,18 584,13 207,1,0,2,281,55,0,0,0,0,164,0,0,0,,5,0,222,1 238,827,1 978,4 353,574,210,1 081,2 891,678,151,474,6 478,1 321,535,6 122,2 026
Bahamas – BHS  ,BHS,Bahamas,Measles,,0,0,0,0,0,3,0,0,0,0,0,0,0,0,0,0,0,0,0,0,0,0,0,0,0,0,0,1,0,0,0,0,0,0,72
Bahrain – BHR  ,BHR,Bahrain,Measles,,2,3,18,0,0,3,0,0,0,0,46,,0,0,0,3,2,7,3,4,11,12,8,5,6,38,4,4,74,3,0,2,12,7,59
Bangladesh – BGD  ,BGD,Bangladesh,Measles,,247,281,311,203,2 410,5 827,2 263,4 001,972,240,289,237,1 986,5 625,788,718,2 660,2 924,6 192,25 934,9 743,4 067,3 484,4 414,5 098,5 666,6 522,10 329,4 929,4 995,9 571,5 443,5 768,9 292,1 705
Barbados – BRB  ,BRB,Barbados,Measles,0,0,0,0,0,0,0,0,0,0,0,0,0,0,0,0,0,0,0,0,0,0,0,0,0,0,0,0,0,0,0,0,0,0,2,51
Belarus – BLR  ,BLR,Belarus,Measles,,754,193,0,3,0,201,259,1,10,2,64,16,10,50,1,0,0,1,149,1,2,21,14,45,21,153,517,135,395,1 516,820,3 874,2 324,1 351,224
Belgium – BEL  ,BEL,Belgium,Measles,,526,67,8,7,47,480,117,367,,47,70,39,109,576,40,33,98,64,15,26,61,44,,83,,,0,3 869,7 221,10 650,11 346,7 373,9 565,7 216,
Belize – BLZ  ,BLZ,Belize,Measles,,0,0,0,0,0,0,0,0,0,0,0,0,0,0,0,0,0,0,0,0,0,0,0,0,0,0,0,0,0,4,0,0,11,7,25
Benin – BEN  ,BEN,Benin,Measles,,785,478,455,35,18,437,493,97,89,55,786,637,288,426,392,1 461,928,341,176,210,262,217,1 588,5 859,4 244,2 573,648,9 521,1 365,10 469,7 557,4 102,3 049,5 396,
Bermuda – BMU  ,BMU,Bermuda,Measles,,2,0,0,0,0,0,0,0,,,,,,,,,,,,,0,,0,0,0,0,0,0,0,0,0,0,0,2,1
Bhutan – BTN  ,BTN,Bhutan,Measles,,0,10,7,,,2,18,66,45,11,0,0,1,10,21,6,7,11,2,11,3,0,27,756,418,9 920,66,169,9,148,683,505,103,441,173
Bolivia – BOL  ,BOL,Bolivia (Plurinational State of),Measles,,4,0,0,0,2,0,0,0,0,0,0,0,0,0,0,0,0,0,0,0,0,0,0,0,122,1 441,1 004,7,7,76,1 441,3 391,4 937,2 108,820
Bonaire,BES  ,Bonaire,Measles,,0,,,,,,,,,,,,,,,,,,,,,,,,,,,,,,,,,,
Bosnia and Herzegovina – BIH  ,BIH,Bosnia and Herzegovina,Measles,,7 957,13,6,,,1 404,62,18,133,1 677,3 000,,22,10,45,22,8,166,17,23,28,18,28,,43,133,2 811,3 937,,125,875,249,144,179,512
Botswana – BWA  ,BWA,Botswana,Measles,,3,63,1,0,5,0,0,0,1,0,1,1,7,8,853,184,0,1,6,5,1,59,7,1,2 672,439,700,5 032,1 030,478,2 447,5 327,566,565,1 218
Brazil – BRA  ,BRA,Brazil,Measles,,5,0,41,668,8 448,20 901,9 329,,0,214,876,220,2,43,68,0,0,0,57,6,0,2,1,1,36,908,2 781,52 284,580,793,35,6 037,7 934,42 537,61 435
British Virgin Islands – VGB  ,VGB,British Virgin Islands,Measles,,0,0,0,0,,0,0,0,,,,,,,,,,,,,,0,0,0,0,0,0,0,0,0,0,0,0,0,90
Brunei – BRN  ,BRN,Brunei Darussalam,Measles,,0,1,0,0,0,1,1,0,1,4,1,,1,4,0,2,3,,,9,16,24,,11,42,23,12,13,,,,50,51,,12
Bulgaria – BGR  ,BGR,Bulgaria,Measles,,27,0,1,0,257,1 231,13,165,1,0,0,14,1,157,22 004,2 249,1,1,1,3,0,0,0,8,46,24,80,23,695,172,121,354,20 258,2 028,147
Burkina Faso – BFA  ,BFA,Burkina Faso,Measles,,4 397,680,252,,2 480,672,4 072,49,226,99,343,375,7 362,860,2 511,54 118,395,12,125,253,77,2 946,1 744,4 174,6 074,5 516,,1 438,18 534,5 669,2 925,14 445,21 751,6 590,9 804
Burundi – BDI  ,BDI,Burundi,Measles,,2 741,1 684,212,369,1 700,112,9,18,16,9,0,0,49,129,495,305,173,43,784,0,2,224,1 016,,18 363,2 928,1 449,1 273,16 099,14 782,7 192,23 869,22 344,10 397,13 282
Cabo Verde – CPV  ,CPV,Cabo Verde,Measles,,0,0,0,0,,0,0,0,,0,0,0,0,0,0,0,0,0,0,0,0,0,0,0,2,1,289,8 584,0,10,30,0,1,7,0
Cambodia – KHM  ,KHM,Cambodia,Measles,,666,11,13,5,379,684,3,10,56,0,0,0,15,722,1 156,4 779,4 211,394,188,264,352,653,1 361,3 761,12 237,13 827,1 993,3 826,2 814,2 038,946,1 262,2 759,2 186,2 473
Cameroon – CMR  ,CMR,Cameroon,Measles,,863,6 105,3 217,771,1 509,2 809,814,712,338,1 809,831,760,609,504,240,251,495,100,196,605,358,899,1 448,23 934,14 629,10 894,10 731,7 504,11 770,2 463,1 548,10 892,27 442,14 622,21 150
Canada – CAN  ,CAN,Canada,Measles,,147,12,3,0,1,113,28,45,11,195,418,83,10,803,99,14,62,101,13,6,7,15,6,34,206,29,12,579,327,2 361,523,203,2 742,6 178,1 033
Cayman Islands – CYM  ,CYM,Cayman Islands,Measles,,0,0,0,0,0,,0,0,,,,,,,,,,,,,,0,0,0,0,0,0,0,0,0,0,0,0,0,0
Central African Republic – CAF  ,CAF,Central African Republic,Measles,,125,3 841,155,286,3 433,3 390,224,801,367,150,210,596,141,679,2,11,12,49,3,471,1 233,652,938,2 837,3 207,600,146,194,248,902,,1 694,3 022,3 644,1 275
Chad – TCD  ,TCD,Chad,Measles,,6 978,11 862,2 158,2 577,2 170,1 882,1 457,9,118,418,1 275,226,120,8 650,194,165,63,441,1 594,2,10 324,15 801,7 277,24 908,3 546,6 868,12 371,10 446,24 162,21 952,9 696,20 894,19 035,21 182,7 226
Chile – CHL  ,CHL,Chile,Measles,,0,1,0,0,2,11,24,0,0,9,0,0,0,6,0,1,0,0,0,0,0,1,0,0,0,31,6,58,0,0,0,1,1,2 098,1 958
China – CHN  ,CHN,China,Measles,,1 272,621,552,554,867,2 974,3 940,5 941,24 820,42 361,52 628,26 883,6 183,9 943,38 159,52 461,131 441,109 023,99 602,124 219,70 549,71 879,58 341,88 962,71 093,61 840,53 030,79 621,68 404,53 232,76 204,117 851,140 048,123 428,85 705
Hong Kong – HKG  ,HKG,China  Hong Kong SAR,Measles,,9,4,3,1,1,90,17,4,9,18,50,8,8,13,13,22,69,88,,,,33,,179,60,32,56,318,110,33,210,29,329,278,48
Macao – MAC  ,MAC,China  Macao SAR,Measles,,0,0,0,0,0,37,3,2,0,0,,1,1,1,,0,4,0,,0,0,3,,3,5,1,0,3,,3,52,21,35,1,19
Colombia – COL  ,COL,Colombia,Measles,,0,0,0,0,1,244,208,0,0,1,0,1,1,6,0,0,0,0,0,0,0,0,139,3,1,44,61,67,160,410,525,9 105,7 976,10 391,12 520
Comoros – COM  ,COM,Comoros,Measles,,17,51,4,0,0,65,0,0,0,0,0,0,1,3,0,1,0,0,85,912,0,0,0,,,0,0,0,0,0,2,0,0,0,2 328
Congo – COG  ,COG,Congo,Measles,,483,385,6 718,160,37,66,28,958,277,1 359,71,124,260,315,4,1,2,84,126,146,3 524,3 712,2 788,2 152,1 678,313,174,1 267,3 897,2 381,226,693,4 302,4 042,3 608
Cook Islands – COK  ,COK,Cook Islands,Measles,,,,,,,0,0,,,,,,0,0,0,0,0,1,6,0,0,17,0,0,2,0,9,194,0,7,0,3,9,61,36
Costa Rica – CRI  ,CRI,Costa Rica,Measles,,0,1,0,0,0,10,0,0,0,0,1,0,0,0,0,0,0,0,,1,0,1,0,0,0,23,27,26,24,35,0,273,2 361,6 296,76
Croatia – HRV  ,HRV,Croatia,Measles,,33,3,0,0,0,52,23,7,4,206,,0,2,12,7,2,51,0,1,2,54,19,6,8,9,31,648,240,119,697,138,87,160,117,119
Cuba – CUB  ,CUB,Cuba,Measles,,0,0,0,0,0,0,0,0,0,0,0,,0,0,0,0,0,0,0,0,0,0,0,0,0,0,0,0,0,1,0,2,12,17,12
Curaçao – CUW  ,CUW,Curaçao,Measles,,,,,,,1,0,0,,,,,,,,,,,,,,,,,,,,,,,,,,,
Cyprus – CYP  ,CYP,Cyprus,Measles,,28,0,0,1,1,6,15,3,0,0,10,0,1,0,18,0,1,0,0,1,0,0,0,,0,0,1,1,55,0,0,0,20,1,4
Czechia – CZE  ,CZE,Czechia,Measles,,35,1,0,0,4,590,207,142,7,9,222,15,22,17,0,5,2,2,7,0,17,30,4,6,9,2,19,14,10,5,9,14,416,839,2 420
Côte d'Ivoire – CIV  ,CIV,Côte d'Ivoire,Measles,,1 872,1 361,1 596,1 837,600,372,453,163,45,65,50,48,137,628,441,183,12,5,11,115,3 466,4 770,5 882,5 790,5 729,4 824,12 289,9 665,20 858,30 039,,7 465,14 765,9 902,17 799
North Korea – PRK  ,PRK,Democratic People's Republic of Korea,Measles,,0,0,0,,0,,0,0,0,0,3,0,0,0,0,0,8,3 550,0,0,0,0,0,0,,0,0,0,0,0,0,0,0,0,0
DR Congo – COD  ,COD,Democratic Republic of the Congo,Measles,,109 419,311 500,4 380,54 471,82 290,333 017,69 693,45 107,5 092,5 020,33 711,88 381,72 029,133 802,5 407,57,12 461,55 577,80 123,182 485,44 934,21 956,30 466,8 072,8 282,12 135,15 271,5 766,9 546,5 443,12 573,2 749,63,,4 564
Denmark – DNK  ,DNK,Denmark,Measles,,25,9,0,0,4,15,8,4,3,9,27,17,2,84,5,6,14,2,27,2,0,0,32,11,14,,,61,119,20,36,115,129,162,180
Djibouti – DJI  ,DJI,Djibouti,Measles,,60,446,206,0,,,28,3,8,47,,28,709,49,7,48,143,24,49,298,71,37,50,79,183,341,198,,410,8,,37,129,13,104
Dominica – DMA  ,DMA,Dominica,Measles,,0,0,0,0,0,0,0,0,0,0,0,0,0,0,0,0,0,0,0,0,0,0,0,0,0,0,0,0,0,0,0,0,0,6,13
Dominican Republic – DOM  ,DOM,Dominican Republic,Measles,,0,0,0,0,0,0,0,0,0,0,0,0,0,2,0,0,0,0,0,0,0,0,0,113,253,274,14,1,0,0,3,4 637,7 650,7 512,3 477
Ecuador – ECU  ,ECU,Ecuador,Measles,,0,0,0,0,0,0,19,0,1,0,0,0,72,257,0,0,1,0,0,0,0,0,0,2,0,0,0,0,42,919,3 668,3 627,4 356,1 585,1 646
Egypt – EGY  ,EGY,Egypt,Measles,,91,267,14,0,3,0,48,24,225,5 432,1 314,405,245,26,16,608,668,1 684,953,77,80,164,653,2 150,2 633,1 547,4 868,4 606,4 403,1 833,1 444,2 874,4 403,1 231,887
El Salvador – SLV  ,SLV,El Salvador,Measles,,0,0,0,0,0,0,0,0,0,,0,0,0,0,0,0,0,0,0,0,0,0,0,2,0,0,0,0,1,0,0,38,509,0,0
Equatorial Guinea – GNQ  ,GNQ,Equatorial Guinea,Measles,,463,270,49,43,53,0,0,1,1 699,1 250,13,321,1 190,0,0,78,436,5,0,,38,18,24,1 339,,,,0,1,44,270,157,297,32,32
Eritrea – ERI  ,ERI,Eritrea,Measles,,10,54,28,25,12,6,70,1 199,142,198,127,45,194,48,51,82,0,55,128,19,24,376,460,204,789,320,316,777,1 783,185,541,267,,,
Estonia – EST  ,EST,Estonia,Measles,,4,4,0,0,0,27,10,1,2,4,0,2,4,7,0,0,0,1,27,2,0,0,0,0,9,12,17,18,19,17,230,312,71,129,33
Eswatini – SWZ  ,SWZ,Eswatini,Measles,,0,3,64,0,0,0,0,0,1,0,0,0,0,0,313,26,1,0,0,0,0,350,37,49,10,0,180,609,2 201,171,610,7 148,2 042,1 467,1 465
Ethiopia – ETH  ,ETH,Ethiopia,Measles,,31 044,24 038,9 292,1 953,1 952,3 998,1 752,1 921,4 579,17 745,12 739,5 253,4 347,3 255,4 235,1 176,3 511,1 446,1 451,357,73,228,3 332,2 366,1 660,5 329,1 603,1 113,1 586,562,1 133,1 152,4 815,497,1 836
Fiji – FJI  ,FJI,Fiji,Measles,,,,,,,28,0,,5,,,,0,,0,1,0,0,136,,37,305,304,17,,,,828,39,414,39,425,969,,32
Finland – FIN  ,FIN,Finland,Measles,,2,1,0,3,4,12,15,11,4,2,,2,,27,5,2,5,0,0,1,0,0,0,1,,,1,0,0,6,1,0,5,8,3
France – FRA  ,FRA,France,Measles,,483,117,15,16,240,2 637,2 921,519,79,157,267,272,,14 949,5 048,1 541,604,39,40,36,4 448,,5 185,,10 000,,,80 000,66 000,54 239,44 005,77 232,109 548,156 849,
French Polynesia – PYF  ,PYF,French Polynesia,Measles,,0,0,0,0,0,,,,,,,0,0,0,0,0,0,0,,,,,,3,,13,0,518,387,7,95,21,22,31,30
Gabon – GAB  ,GAB,Gabon,Measles,,32,1 167,1 293,134,9,2,1,1 075,1 509,27,33,122,2,2,1,0,3,0,90,0,63,,110,5 129,15,,,,70,,,958,1 245,,738
Gambia – GMB  ,GMB,Gambia,Measles,,8,38,58,0,,1,4,1,45,71,1,0,0,0,2,0,0,0,0,0,0,119,32,99,336,856,,1 500,15,130,280,912,364,164,
Georgia – GEO  ,GEO,Georgia,Measles,,350,39,12,5,20,3 918,2 199,94,14,431,3 188,7 872,31,64,22,23,56,44,334,1 356,6 847,216,199,35,50,144,218,342,304,181,723,409,115,352,
Germany – DEU  ,DEU,Germany,Measles,,645,79,15,10,76,514,543,929,326,2 464,443,1 771,166,1 607,780,574,917,567,2 307,778,121,779,4 657,6 024,,,,,,,,,,,
Ghana – GHA  ,GHA,Ghana,Measles,,1 944,2 282,395,52,88,1 274,34,19,32,23,124,319,1 613,120,641,101,82,6,420,435,60,1 939,12 289,13 476,23 068,15 987,23 335,37 261,34 273,40 276,34 821,34 641,39 933,17 135,32 246
Greece – GRC  ,GRC,Greece,Measles,,38,0,0,0,3,45,2 291,968,0,1,1,3,3,40,149,2,1,2,,122,1,,5,12,56,69,66,136,6 082,112,163,503,3 448,1 371,245
Grenada – GRD  ,GRD,Grenada,Measles,,0,0,0,,0,0,0,0,0,0,0,0,0,0,0,0,0,0,0,0,0,0,0,0,0,0,0,0,0,3,0,0,0,2,6
Guam – GUM  ,GUM,Guam,Measles,,0,0,,,,0,0,0,0,0,,0,0,1,0,0,0,0,,0,2,7,,0,0,1,0,0,0,0,228,25,4,62,1
Guatemala – GTM  ,GTM,Guatemala,Measles,,0,0,0,0,0,0,1,0,0,0,0,0,0,0,0,0,0,0,0,0,0,0,0,0,0,0,1,8,1,23,204,17,97,209,8 802
Guinea – GIN  ,GIN,Guinea,Measles,,577,94,417,505,506,4 555,482,2 036,316,243,175,53,6,11,45,264,89,3,4,99,10,2 497,2 151,7 408,11 294,18 004,9 170,10 170,10 292,1 085,2 372,5 228,1 617,6 708,12 756
Guinea-Bissau – GNB  ,GNB,Guinea-Bissau,Measles,,0,5,213,,22,60,28,11,0,153,1,0,0,0,26,0,12,1,0,0,3 526,1 158,298,126,,472,,498,73,528,378,1 707,842,2 396,259
Guyana – GUY  ,GUY,Guyana,Measles,,0,0,0,0,0,0,0,0,0,0,0,0,0,0,0,0,0,0,0,0,0,0,0,0,0,0,0,0,0,0,0,0,0,12,1
Haiti – HTI  ,HTI,Haiti,Measles,,0,,0,0,0,0,0,0,,0,0,0,0,0,0,0,0,0,0,0,0,0,0,159,992,0,3,0,1,,,,,,1 414
Honduras – HND  ,HND,Honduras,Measles,,0,,,0,0,0,0,0,0,0,0,0,0,0,0,0,0,0,0,0,0,0,0,0,0,0,0,5,4,0,3,13,58,95,8 360
Hungary – HUN  ,HUN,Hungary,Measles,,18,1,0,0,0,23,14,36,0,0,0,1,2,5,0,1,0,0,1,2,0,0,0,20,1,1,23,24,12,4,11,33,14,16,29
Iceland – ISL  ,ISL,Iceland,Measles,,2,0,0,0,0,9,0,3,1,0,0,0,0,0,0,0,0,0,0,0,0,0,,0,0,,,1,1,2,7,8,8,10,14
India – IND  ,IND,India,Measles,,18 530,65 150,40 967,5 700,5 604,10 430,19 474,12 032,17 250,30 168,26 530,8 285,3 305,33 634,31 458,56 188,44 258,41 144,64 185,36 711,55 443,47 147,40 044,51 780,38 835,21 013,33 990,61 004,47 072,37 494,50 518,50 391,71 798,77 859,89 612
Indonesia – IDN  ,IDN,Indonesia,Measles,,6 328,18 063,7 704,394,524,1 965,5 300,9 035,6 962,15 099,12 943,8 419,15 489,21 893,18 869,20 818,15 369,19 456,20 422,15 853,29 171,24 457,14 492,3 825,3 344,4 767,1 034,15 313,35 383,37 693,48 147,63 751,80 580,90 358,92 105
Iran – IRN  ,IRN,Iran (Islamic Republic of),Measles,,449,648,230,103,4,20,203,51,82,615,99,189,332,73,538,262,127,133,220,7,3,11 644,9 554,9 582,11 874,4 137,2 869,3 901,2 329,263,506,4 616,5 028,6 034,5 341
Iraq – IRQ  ,IRQ,Iraq,Measles,,32 494,12 331,12,197,,3 799,489,41,37,1 433,1 317,669,15,15,492,30 328,5 494,230,474,908,9 081,,,4 088,726,9 920,43 735,708,256,7 650,10 657,16 339,20 106,11 358,3 045
Ireland – IRL  ,IRL,Ireland,Measles,,207,4,2,0,15,65,76,25,43,4,33,51,107,285,443,164,57,64,87,95,334,584,243,241,,147,204,185,228,235,1 233,4 328,179,135,556
Israel – ISR  ,ISR,Israel,Measles,,,,0,0,6,1 139,3 177,42,8,80,6,50,211,70,23,5,931,539,9,2,116,124,2,19,36,14,8,12,19,22,1 555,141,66,991,230
Italy – ITA  ,ITA,Italy,Measles,,1 045,44,15,9,103,1 623,2 682,4 042,,159,,,376,5 189,372,351,1 617,321,439,135,599,10 982,9 385,,1 457,2 908,4 072,41 254,32 596,37 131,6 158,16 890,65 013,23 458,5 223
Jamaica – JAM  ,JAM,Jamaica,Measles,,0,0,0,0,0,0,0,0,0,0,0,0,0,1,0,0,2,0,0,0,0,0,0,0,0,0,2,0,4,15,0,0,0,308,3 651
Japan – JPN  ,JPN,Japan,Measles,,45,,,6,12,742,279,187,165,35,462,229,228,434,450,741,11 015,,520,,8 752,8 286,33 812,22 552,22 497,,899,,1 640,,,2 002,,5 452,3 259
Jordan – JOR  ,JOR,Jordan,Measles,,14,,457,,0,48,0,0,0,0,20,120,3,0,0,0,2,41,1,28,21,76,19,61,32,115,428,7 026,448,318,516,2 985,1 071,143,290
Kazakhstan – KAZ  ,KAZ,Kazakhstan,Measles,,28 147,15 111,4,2,3 270,13 326,576,2,122,526,321,73,55,127,4,0,20,13,109,16 118,2 204,24,18,94,245,1 391,1 935,120,123,284,1 788,3 297,647,1 425,273
Kenya – KEN  ,KEN,Kenya,Measles,,1 417,896,1 774,266,597,439,822,63,128,95,354,190,,2 395,95,1 218,1 282,1 516,1 847,153,20,65,766,11 304,21 002,8 601,9 262,3 339,3 572,3 322,4 180,961,65 004,59 937,77 072
Kiribati – KIR  ,KIR,Kiribati,Measles,,0,,,1,0,3,0,0,,,0,0,0,0,0,0,0,0,,0,0,,0,0,0,2,355,25,13,4,292,114,4 357,8,30
Kosovo – XKX   or KSV,XKX,Kosovo (in accordance with UN Security Council resolution 1244 (1999)),Measles,,1,1,0,,,,,,,,,,,,,,,,,,,,,,,,,,,,,,,,
Kuwait – KWT  ,KWT,Kuwait,Measles,,7,6,7,3,,12,42,18,8,18,55,62,27,32,13,,,,,10,23,,,,6,13,90,26,15,12,432,260,383,165,71
Kyrgyzstan – KGZ  ,KGZ,Kyrgyzstan,Measles,,14 380,7 046,,3,,2 380,1 007,5,0,17 779,318,1,0,222,0,1,16,40,27,53,8,6,2,17,16,478,2 397,998,74,17,168,3 825,815,824,584
Laos – LAO  ,LAO,Lao People's Democratic Republic,Measles,,1,2,0,2,138,1 119,10,3,8,56,339,71,32,113,153,78,174,1 678,58,295,1 491,1 810,2 070,94,332,2 302,4 613,671,917,3 174,984,1 083,520,1 400,2 168
Latvia – LVA  ,LVA,Latvia,Measles,,0,1,0,0,0,3,25,0,0,0,36,0,3,1,0,0,3,0,7,2,0,,,1,0,0,3,4,3,2,10,54,248,6,21
Lebanon – LBN  ,LBN,Lebanon,Measles,,74,346,,,15,1 047,944,126,44,39,112,1 761,9,9,12,22,24,373,956,618,213,526,36,8,5,8,966,134,2,3,51,396,13,,
Lesotho – LSO  ,LSO,Lesotho,Measles,,2,17,3,368,39,464,7,0,0,0,0,516,179,172,2 488,0,0,2,1,,31,1,0,217,660,944,,0,,304,573,235,1 816,2 351,2 195
Liberia – LBR  ,LBR,Liberia,Measles,,1 053,4 604,8 300,250,884,1 203,3 781,960,789,1 060,34,0,43,279,2 200,6,1,1,20,8,4,142,131,1 379,5 977,1 679,1 436,2 961,1 938,56,571,6 398,5 776,,
Libya – LBY  ,LBY,Libya,Measles,,207,257,32,,,188,1 082,8,32,82,372,,320,,,329,8,59,1,292,2 771,,3 890,633,,,50,26,,,1 127,733,3 691,1 695,931
Lithuania – LTU  ,LTU,Lithuania,Measles,,30,3,0,0,2,834,30,2,22,50,11,35,0,7,2,0,1,0,1,1,1,1,103,7,19,23,18,30,35,188,286,249,200,143,
Luxembourg – LUX  ,LUX,Luxembourg,Measles,,3,0,0,0,0,24,4,4,0,0,,0,2,6,0,0,1,0,8,,0,1,,,0,,,1,25,1,1,4,48,1,16
Madagascar – MDG  ,MDG,Madagascar,Measles,,104,355,80,44,777,213 231,21 420,11,5,3,3,6,2,0,1,0,3,0,2,,35 558,62 233,10 795,9 357,35 256,35 196,15 510,13 865,5 961,11 731,14 164,6 060,1 846,5 824,14 459
Malawi – MWI  ,MWI,Malawi,Measles,,958,173,29,5,76,17,1,4,0,0,3,1,11,26,118 712,21,20,143,1,184,1 116,167,92,150,304,152,3 591,10 845,9 120,4 218,2 164,3 614,32 177,5 730,
Malaysia – MYS  ,MYS,Malaysia,Measles,,3 791,2 002,209,128,478,1 077,1 981,1 709,1 569,1 318,221,195,1 868,1 569,73,153,334,394,564,1 407,5 729,632,408,2 198,6 187,2 576,483,627,460,654,346,542,363,275,563
Maldives – MDV  ,MDV,Maldives,Measles,,2,5,0,0,15,0,1,1,0,0,0,0,0,0,0,6,0,20,47,1 395,37,75,926,0,20,,0,,0,3 070,706,61,0,0,0
Mali – MLI  ,MLI,Mali,Measles,,368,364,765,2 074,498,454,499,26,107,215,290,221,341,24,1 719,2 939,98,2,128,33,172,232,717,4 464,1 578,2 506,10 240,3 531,10 995,3 306,3 420,10 595,7 830,13 473,1 388
Malta – MLT  ,MLT,Malta,Measles,,10,0,0,1,2,30,6,0,0,2,0,,,3,0,1,1,2,1,6,4,4,7,2,2,1,3,5,16,27,8,3,43,8,6
Marshall Islands – MHL  ,MHL,Marshall Islands,Measles,,0,0,,0,,,,,,,,,0,0,0,0,,0,0,0,0,1 127,0,0,0,0,0,0,0,,0,9,10,19,14
Mauritania – MRT  ,MRT,Mauritania,Measles,,1 107,339,96,249,0,196,77,63,13,1,14,62,35,234,1 292,322,4,11,22,127,5 039,3 611,883,1 398,,5 263,1 303,499,,195,2 668,5 754,4 990,4 601,1 379
Mauritius – MUS  ,MUS,Mauritius,Measles,,0,0,0,0,,98,,0,0,,0,0,0,2,12,15,12,13,3,7,28,777,,0,0,0,,0,0,6,10,88,7,0,1
Mexico – MEX  ,MEX,Mexico,Measles,,7,0,0,0,196,0,5,0,0,0,3,0,0,3,0,0,0,0,23,6,64,44,0,3,30,0,0,0,2,244,128,172,533,5 077,68 782
Micronesia – FSM  ,FSM,Micronesia (Federated States of),Measles,,,1,1,,,0,0,0,0,0,140,0,0,0,,0,,0,0,0,0,0,,0,0,0,0,0,,0,930,0,41,0,1
Monaco – MCO  ,MCO,Monaco,Measles,,2,0,,0,,1,0,1,,,,,5,,,,,,,,,0,,,,,0,,,,,,160,,0
Mongolia – MNG  ,MNG,Mongolia,Measles,,12,0,46,,0,2,1,9,30 273,20 359,0,0,0,0,7,8,31,12,26,0,0,18,1 205,10 677,925,10,8,4,128,555,177,71,1 069,656,296
Montenegro – MNE  ,MNE,Montenegro,Measles,,35,0,0,0,0,0,200,0,0,,,0,0,5,5,0,0,0,0,,,,,,,,,,,,,,,,
Montserrat – MSR  ,MSR,Montserrat,Measles,,0,0,0,0,,0,0,0,,,,,,,,,,,,,,,0,0,,0,0,0,0,0,0,0,0,0,0
Morocco – MAR  ,MAR,Morocco,Measles,,,,,,,,483,,,17,10,92,668,982,633,834,1 455,2 248,1 217,,6 399,10 841,6 000,2 724,7 368,10 853,7 863,2 512,1 324,2 380,3 512,8 431,6 008,2 125,1 577
Mozambique – MOZ  ,MOZ,Mozambique,Measles,,1 237,656,1 047,619,426,63,16,122,,79,9,8,145,177,2 321,60,4,267,183,12 598,9 396,28 898,7 155,7 085,7 375,3 936,15 693,15 324,9 251,4 166,9 618,5 799,3 092,5 059,18 082
Myanmar – MMR  ,MMR,Myanmar,Measles,,30,15,10,8,444,5 252,1 389,1 293,266,6,122,1 010,2 175,2 046,190,329,333,1 088,760,314,1 329,830,736,2 519,845,791,1 465,1 035,1 684,1 170,1 855,2 682,1 794,4 437,7 900
Namibia – NAM  ,NAM,Namibia,Measles,,15,42,31,4,5,12,9,16,40,212,477,1 028,86,79,3 138,4 076,0,21,3,4,4,262,1 278,416,469,296,495,5 359,4 901,1 723,133,1 328,6 874,,
Nauru – NRU  ,NRU,Nauru,Measles,,0,,,,,0,,,0,,,,11,0,,0,0,0,0,0,0,,0,0,0,1,,58,,0,,,,,300
Nepal – NPL  ,NPL,Nepal,Measles,,113,963,130,143,388,430,260,99,1 269,1 599,1 279,1 861,3 362,2 359,190,189,2 089,1 415,2 838,5 023,12 074,13 344,6 749,10 849,9 397,,5 771,12 677,7 213,4 810,1 401,59,136,93,182
Netherlands – NLD  ,NLD,Netherlands (Kingdom of the),Measles,,202,7,6,0,2,84,24,16,6,7,140,2 632,10,51,15,15,109,10,1,4,11,4,3,,1 019,2 368,9,21,57,184,302,468,472,59,16
New Caledonia – NCL  ,NCL,New Caledonia,Measles,,0,0,0,,,,0,1,,,,0,0,0,0,0,0,0,,0,,0,,0,0,,,0,,2,6,6,3,5,18
New Zealand – NZL  ,NZL,New Zealand,Measles,,1,,0,0,7,2 189,30,15,103,10,280,8,68,597,43,198,,25,20,20,33,66,21,65,65,106,164,2 041,,,33,69,,9 239,
Nicaragua – NIC  ,NIC,Nicaragua,Measles,,0,0,0,0,0,0,0,0,0,0,0,0,0,0,0,0,0,0,0,0,0,0,0,0,0,0,0,0,0,5,3,339,2 332,0,0
Niger – NER  ,NER,Niger,Measles,,2 362,1 708,12 898,9 271,2 754,10 321,5 034,1 171,776,7 693,1 142,1 224,272,771,372,801,1 317,282,59,2 183,63 057,54 190,31 584,61 208,21 319,36 156,11 404,32 649,68 921,67 986,48 685,36 557,31 341,90 071,20 463
Nigeria – NGA  ,NGA,Nigeria,Measles,,14 999,20 143,23 983,10 649,8 877,28 094,7 063,11 190,17 136,12 423,6 855,52 852,6 447,18 843,8 491,1 272,9 960,2 613,704,110 927,31 521,141 258,42 007,168 107,212 183,217 151,143 098,21 385,88 675,12 393,106 081,54 734,85 965,44 026,115 682
Niue – NIU  ,NIU,Niue,Measles,,,,0,,,0,,,,,,0,0,0,0,0,0,0,,0,0,0,0,0,0,0,0,0,0,0,2,0,0,121,
North Macedonia – MKD  ,MKD,North Macedonia,Measles,,2,1,0,1,0,1 819,64,19,0,1,116,4,7,701,217,5,27,1,3,5,9,18,19,27,36,53,,364,1 056,217,229,2 495,180,181,
Northern Mariana Islands – MNP  ,MNP,Northern Mariana Islands,Measles,,0,0,,,,0,0,,,,,0,,0,0,0,0,0,,0,0,0,,,0,0,,1,,0,29,116,7,,35
Norway – NOR  ,NOR,Norway,Measles,,10,2,1,0,4,18,12,1,0,14,3,8,4,39,3,2,4,,0,0,7,8,5,4,0,,,11,23,18,6,7,73,17,95
Palestine – PSE ,PSE,occupied Palestinian territory  including east Jerusalem,Measles,,,3,,11,1 001,228,0,63,,,,,,,1,,,,,,,,,,5,138,40,28,33,,,,,,
Oman – OMN  ,OMN,Oman,Measles,,13,25,5,0,7,0,0,9,111,0,,0,13,5,3,19,18,24,13,25,18,1,5,15,15,9,5,12,46,68,181,3 108,1 834,220,1 262
Pakistan – PAK  ,PAK,Pakistan,Measles,,24 709,17 722,8 378,10 399,2 747,2 066,33 007,9 175,2 703,386,1 370,8 749,8 046,4 386,4 321,863,1 129,2 801,7 641,2 981,4 248,4 740,3 903,3 849,2 064,2 940,2 333,1 848,1 090,1 720,1 421,1 967,2 967,617,21 785
Palau – PLW  ,PLW,Palau,Measles,,0,0,0,,,,,0,0,0,0,0,0,0,0,0,0,0,0,0,0,,0,,0,0,1,0,0,0,0,93,0,0,0
Panama – PAN  ,PAN,Panama,Measles,,0,,0,0,0,0,0,0,0,0,0,0,0,4,0,0,0,0,0,0,0,0,0,0,0,0,0,0,0,19,3,90,845,2 430,1 891
Papua New Guinea – PNG  ,PNG,Papua New Guinea,Measles,,47,12,2,0,4,1,19,7,0,38,2 299,12,0,0,0,0,0,0,1,1 222,1 385,3 863,17 620,4 023,7 135,6 304,1 148,678,2 313,3 730,6 821,8 212,6 634,2 740,4 575
Paraguay – PRY  ,PRY,Paraguay,Measles,,0,0,1,0,0,0,0,0,0,0,0,0,0,0,0,0,0,0,0,0,0,0,0,0,0,0,70,143,13,73,122,2 066,864,526,1 396
Peru – PER  ,PER,Peru,Measles,,2,0,0,0,0,2,42,0,0,4,0,0,0,0,0,0,1,0,0,0,0,0,0,0,1,12,10,95,105,353,670,1 730,22 605,1 014,737
Philippines – PHL  ,PHL,Philippines,Measles,,3 844,2 892,589,206,3 832,48 525,20 827,2 428,716,619,58 848,2 920,1 536,6 538,6 368,1 469,341,530,9,118,3 025,10 511,7 003,7 360,7 120,2 981,1 984,9 218,,3 913,3 006,7 541,39 304,29 037,42 938
Poland – POL  ,POL,Poland,Measles,,272,35,27,13,29,1 367,359,63,123,,,84,71,,13,115,,40,120,13,11,48,34,133,77,99,2 255,338,639,752,864,1 410,3 695,2 419,56 471
Portugal – PRT  ,PRT,Portugal,Measles,,35,0,0,0,10,10,162,34,34,0,,1,23,2,5,3,1,0,0,7,5,8,8,,45,50,96,129,112,192,3 230,881,208,275,407
Qatar – QAT  ,QAT,Qatar,Measles,,55,127,1,1,3,5,2,9,30,18,46,73,160,101,295,112,,361,144,74,29,24,34,23,46,,116,439,38,0,31,86,68,563,314
South Korea – KOR  ,KOR,Republic of Korea,Measles,,49,7,,0,6,194,15,5,18,7,442,107,2,42,114,17,2,194,28,7,11,33,62,23 060,32 647,,4,2,71,71,7 883,,,,3 415
Moldova – MDA  ,MDA,Republic of Moldova,Measles,,216,3,,0,,90,340,0,0,0,2,27,11,0,0,0,0,10,34,6,4,87,4 929,457,687,245,673,364,344,1 174,3 951,866,322,621,3 242
Romania – ROU  ,ROU,Romania,Measles,,25 505,3 677,17,2,1 004,3 900,6 407,9 076,2 435,4,59,1 159,7 450,4 189,193,8,12,353,3 196,5 043,117,9,14,10,35,240,9 547,23 579,906,2 188,6 228,28 321,6 061,1 773,4 691
Russia – RUS  ,RUS,Russian Federation,Measles,,22 455,13 083,102,1,1 212,4 491,2 539,721,178,843,4 711,2 339,2 123,629,129,101,27,173,1 147,454,2 444,3 291,580,2 072,4 800,7 428,6 215,2 874,7 120,6 630,28 672,74 463,18 570,20 449,18 370
Rwanda – RWA  ,RWA,Rwanda,Measles,,53,108,29,40,108,818,229,145,95,1,10,17,75,31,121,5,6,26,494,129,386,1 064,2 738,896,2 095,4 359,,787,3 988,28 874,5 999,9 861,17 429,5 820,8 970
Saba - BES,BES,Saba,Measles,,0,,,,,,,,,,,,,,,,,,,,,,,,,,,,,,,,,,
Saint Kitts and Nevis – KNA  ,KNA,Saint Kitts and Nevis,Measles,,0,0,0,0,0,0,0,0,0,0,0,0,0,0,0,0,0,0,0,0,0,0,0,0,0,0,0,0,0,1,0,0,0,0,80
Saint Lucia – LCA  ,LCA,Saint Lucia,Measles,,0,0,0,0,0,0,0,0,0,0,0,0,0,0,0,0,0,0,0,0,0,0,0,0,0,0,0,0,0,2,0,0,0,2,30
Saint Vincent and the Grenadines – VCT  ,VCT,Saint Vincent and the Grenadines,Measles,,0,,0,0,0,0,0,0,0,0,0,0,0,0,0,0,0,0,0,0,0,0,0,0,0,0,0,0,0,0,0,0,0,0,1
Samoa – WSM  ,WSM,Samoa,Measles,,0,0,0,0,11,5 687,0,3,,,,,1,0,8,0,,,0,0,0,0,,,,,8,0,87,0,0,7,4,0,0
San Marino – SMR  ,SMR,San Marino,Measles,,2,0,0,0,0,12,0,0,0,,,,1,0,0,0,,0,0,0,0,3,,,1,0,,22,,,,6,7,1,1
Sao Tome and Principe – STP  ,STP,Sao Tome and Principe,Measles,,,,,0,,0,0,0,0,3,0,0,0,0,0,0,0,0,0,0,0,0,0,0,0,,,0,0,23,319,88,0,0,10
Saudi Arabia – SAU  ,SAU,Saudi Arabia,Measles,,1 260,2 254,247,338,35,1 035,1 164,459,125,219,154,1 164,294,362,334,82,158,4 648,807,373,1 880,1 208,311,155,,2 815,5 519,3 978,2 407,2 574,1 253,3 182,11 299,6 368,5 439
Senegal – SEN  ,SEN,Senegal,Measles,,496,564,508,187,212,267,12,11,162,58,32,17,46,18,428,999,6,11,3,0,31,1 519,18 184,24 789,5 839,3 668,6 594,6 594,8 069,,5 944,14 693,15 367,11 427,5 004
Serbia – SRB  ,SRB,Serbia,Measles,,892,50,0,1,0,22,5 076,721,11,383,37,1,0,370,20,1,2,201,2,2,11,15,63,35,38,288,922,4 692,458,524,800,16 777,2 108,991,4 978
Seychelles – SYC  ,SYC,Seychelles,Measles,,2,0,0,0,27,0,,0,0,0,0,0,0,0,0,0,0,1,10,0,0,0,0,0,,2,626,3,2,0,0,0,0,6,13
Sierra Leone – SLE  ,SLE,Sierra Leone,Measles,,129,645,731,170,17,40,344,1 873,920,607,1 006,15,678,1 865,1 089,31,44,0,33,29,7,586,568,649,3 575,,,361,,344,114,2 288,914,284,830
Singapore – SGP  ,SGP,Singapore,Measles,,12,,,,,152,38,70,,,,138,42,148,50,16,18,15,23,33,96,33,211,408,141,65,114,1 413,,185,159,0,606,216,143
Sint Eustatius – BES,BES,Sint Eustatius,Measles,,0,,,,,,,,,,,,,,,,,,,,,,,,,,,,,,,,,,
Sint Maarten – SXM  ,SXM,Sint Maarten (Dutch part),Measles,,,,,,,,0,0,,,,,,,,,,,,,,,,,,,,,,,,,,,
Slovakia – SVK  ,SVK,Slovakia,Measles,,4,6,0,0,0,318,565,7,0,1,0,0,0,0,0,0,0,0,0,0,2,1,0,0,0,0,530,620,0,2,29,551,415,211,47
Slovenia – SVN  ,SVN,Slovenia,Measles,,17,1,0,0,6,51,9,8,1,18,52,1,2,22,2,0,0,0,0,0,0,0,0,0,,1,13,9,8,398,134,7,10,32,
Solomon Islands – SLB  ,SLB,Solomon Islands,Measles,,,0,,,,,0,0,0,0,,0,0,0,0,0,0,0,0,0,0,0,0,0,,,0,0,0,0,640,1 527,86,45,343
Somalia – SOM  ,SOM,Somalia,Measles,,1 529,3 167,17 361,7 191,2 531,283,9 126,23 039,26,7 497,10 229,3 173,9 983,17 298,115,13,1 081,1 149,7,,12 008,8 257,9 559,3 571,3 965,5 523,3 075,,1 830,,,,,,
South Africa – ZAF  ,ZAF,South Africa,Measles,,931,1 033,400,21,40,59,71,210,18,17,66,25,32,92,12 499,5 857,39,31,81,615,830,244,1 043,1 166,1 459,385,977,1 337,6 501,8 845,6 845,12 870,22 745,4 777,10 624
South Sudan – SSD  ,SSD,South Sudan,Measles,,3 114,7 957,3 608,,1 290,3 401,263,487,898,878,441,525,1 952,1 256,,,,,,,,,,,,,,,,,,,,,
Spain – ESP  ,ESP,Spain,Measles,,227,15,1,2,89,288,225,161,37,115,154,131,1 204,3 802,302,41,297,267,362,22,26,256,67,,152,246,446,1 842,4 964,8 849,6 796,11 985,24 460,24 445,21 650
Sri Lanka – LKA  ,LKA,Sri Lanka,Measles,,298,810,0,,2,49,1,1,112,1 568,1 686,2 107,51,60,79,21,33,44,0,3,35,65,139,309,16 527,2 417,177,195,158,408,566,558,701,1 896,4 004
Sudan – SDN  ,SDN,Sudan,Measles,,1 337,1 377,1 575,,401,3 555,4 980,665,1 767,3 585,676,2 813,8 523,5 616,680,68,129,327,228,1 374,9 562,4 381,4 529,4 362,2 875,3 347,550,350,2 559,841,963,683,17 017,30 014,14 075
Suriname – SUR  ,SUR,Suriname,Measles,,0,0,0,0,0,0,0,0,0,0,0,0,0,0,0,0,0,0,0,0,0,0,0,0,0,0,0,0,0,0,0,0,0,0,35
Sweden – SWE  ,SWE,Sweden,Measles,,38,11,5,0,5,20,43,41,3,22,26,51,30,26,6,3,25,1,19,13,5,3,9,5,59,,,62,44,23,21,25,57,25,29
Switzerland – CHE  ,CHE,Switzerland,Measles,,97,52,1,0,37,244,50,105,65,35,23,175,61,621,77,958,2 022,1 015,,60,39,574,,700,,800,2 000,6 400,2 000,1 400,1 400,3 000,4 300,2 700,1 990
Syria – SYR  ,SYR,Syrian Arab Republic,Measles,,128,744,217,11,15,27,329,737,66,45,594,740,13,13,26,22,19,403,517,375,189,801,538,290,146,3,5 400,6 850,2 060,1 362,1 334,2 300,374,359,535
Tajikistan – TJK  ,TJK,Tajikistan,Measles,,0,294,454,10,168,7,0,654,52,3,0,1,16,1,0,0,0,2,3,,4,2 144,927,38,192,177,3 070,3 882,42,56,531,5 045,2 439,1 241,6 897
Thailand – THA  ,THA,Thailand,Measles,,8 202,64,64,,,5 412,6 035,1 946,652,154,,2 641,5 197,3 156,2 583,6 071,7 790,3 893,3 588,3 526,4 165,4 519,10 315,7 319,4 074,3 167,13 734,15 122,5 757,11 112,38 659,17 851,7 892,26 709,29 244
Timor-Leste – TLS  ,TLS,Timor-Leste,Measles,,2,7,8,,2,22,0,0,2,43,47,4,16,763,50,10,0,0,90,203,41,94,0,,,,,,,,,,,,
Togo – TGO  ,TGO,Togo,Measles,,353,686,722,82,91,69,38,46,15,20,577,564,238,187,120,425,187,8,26,38,61,295,363,1 833,3 578,2 540,3 771,450,223,6 144,7 298,4 017,6 959,9 934,4 548
Tokelau – TKL  ,TKL,Tokelau,Measles,,0,,,,,0,0,5,,,,,0,0,0,0,,,,0,0,0,,0,0,0,0,0,0,0,,0,0,0,0
Tonga – TON  ,TON,Tonga,Measles,,0,12,,,,659,0,0,0,,,0,0,0,0,0,0,0,0,0,0,0,0,4,0,6,36,1 081,0,0,,0,10,18,65
Trinidad and Tobago – TTO  ,TTO,Trinidad and Tobago,Measles,,0,0,,0,0,0,0,0,0,0,0,0,0,0,0,0,0,0,0,0,0,0,0,0,0,0,0,1,0,0,0,0,0,141,511
Tunisia – TUN  ,TUN,Tunisia,Measles,,16,10,11,7,20,4 669,13,5,7,16,15,16,48,11,1,1,2,4,3,15,1,22,98,231,47,101,123,371,533,676,597,1 413,11 872,1 250,547
Turkmenistan – TKM  ,TKM,Turkmenistan,Measles,,0,0,0,0,0,0,0,0,0,0,0,0,0,0,0,0,0,59,48,0,1,1,11,9,113,452,1 035,377,96,393,2 613,2 486,692,1 346,2 806
Turks and Caicos Islands – TCA  ,TCA,Turks and Caicos Islands,Measles,,2,0,0,0,0,0,0,0,,,,,,,,,,,,,,0,0,0,0,0,0,0,0,4,0,0,0,8,2
Tuvalu – TUV  ,TUV,Tuvalu,Measles,,,,,,,0,,,,,,,0,0,0,0,0,0,0,0,0,0,0,0,,0,,14,51,1,0,0,1,0,
Türkiye – TUR  ,TUR,Türkiye,Measles,,1 582,5 088,103,,,2 904,716,84,9,342,565,7 405,349,111,7,4,0,3,34,6 200,8 927,5 844,7 823,30 509,16 244,16 329,27 120,22 795,27 171,13 544,23 733,34 285,24 626,22 521,11 372
Uganda – UGA  ,UGA,Uganda,Measles,,2 180,399,52,606,314,920,2 627,1 021,139,478,314,7 878,2 027,3 312,1 313,1 601,1 319,3 776,5 736,22,141,29 429,49 871,48 543,42 554,42 737,42 528,12 562,26 198,42 659,49 815,,36 511,,2 637
Ukraine – UKR  ,UKR,Ukraine,Measles,,433,66,11,16,264,57 282,53 219,4 782,102,105,,,12 746,1 333,39,,48,1 005,42 724,2 392,146,411,7 587,16 970,817,1 389,5 107,7 000,8 678,1 923,9 837,23 452,13 289,5 321,6 841
United Arab Emirates – ARE  ,ARE,United Arab Emirates,Measles,,559,484,98,35,50,187,172,121,223,347,344,,132,,87,,55,,,29,22,42,53,30,69,117,296,243,425,671,518,745,1 063,1 148,1 187
United Kingdom – GBR  ,GBR,United Kingdom of Great Britain and Northern Ireland,Measles,,3 426,493,63,2,95,1 092,1 216,364,558,91,133,1 919,2 092,1 112,443,1 212,1 445,1 022,764,79,189,460,314,73,104,,74,4 844,6 866,9 017,23 525,12 018,12 317,11 727,28 228
Tanzania – TZA  ,TZA,United Republic of Tanzania,Measles,,992,2 887,612,0,127,120,74,852,33,30,88,185,1 668,1 622,167,1 574,3 413,7 726,2 362,23,1 419,1 673,5 131,11 847,14 649,5 887,10 023,7 287,10 676,3 160,3 558,16 471,13 040,27 188,14 920
United States – USA  ,USA,United States of America,Measles,,,121,,14,1 275,,375,120,85,188,667,187,55,220,63,71,140,43,55,66,37,56,41,116,85,100,100,138,489,309,958,312,2 231,9 643,27 786
Uruguay – URY  ,URY,Uruguay,Measles,,0,0,0,0,2,9,0,0,0,0,0,0,0,0,0,0,0,0,0,0,0,0,0,0,0,34,6,2,2,5,0,16,187,2 040,110
Uzbekistan – UZB  ,UZB,Uzbekistan,Measles,,20 940,1 176,7,0,4 103,1 672,22,0,1,22,8,0,,476,117,0,2,863,823,737,75,85,25,22,80,1 193,875,261,228,294,1 661,2 354,2 020,3 878,3 943
Vanuatu – VUT  ,VUT,Vanuatu,Measles,,0,0,0,0,0,0,0,,,39,10,0,0,0,0,0,0,0,0,3,,165,101,7,9,12,,113,4,27,27,67,154,541,67
Venezuela – VEN  ,VEN,Venezuela (Bolivarian Republic of),Measles,,0,0,0,0,0,548,5 667,727,0,0,0,0,1,0,0,0,0,32,78,0,0,0,2 392,115,22,0,4,27,89,172,15 364,20 244,11 949,15 273,9 881
Vietnam – VNM  ,VNM,Viet Nam,Measles,,7 854,43,23,162,846,14 156,2 256,227,46,256,15 033,1 123,578,750,2 809,6 582,352,17,1 978,410,217,2 297,6 755,12 058,16 512,14 134,11 690,6 507,5 156,6 171,11 853,12 015,11 830,9 874,8 175
Wallis and Futuna – WLF  ,WLF,Wallis and Futuna,Measles,,,,,,,,0,,,,,0,0,,,,,0,,,,0,,,0,0,0,0,,13,9,9,0,,
Yemen – YEM  ,YEM,Yemen,Measles,,5 992,49 755,23 941,4 904,298,1 161,10 640,433,143,468,815,400,2 177,2 676,510,130,7,13,8 079,6 285,12 708,8 536,890,485,,26 126,8 785,51,,225,35,601,2 420,75,
Zambia – ZMB  ,ZMB,Zambia,Measles,,299,5 653,1 755,55,237,15,11,13,8,9,9,35,896,13 234,15 754,26,140,535,459,45,35,881,25 036,16 997,30 930,23 518,,7 140,9 459,8 533,14 255,11 829,11 006,2 822,6 748
Zimbabwe – ZWE  ,ZWE,Zimbabwe,Measles,,,5 532,5 532,282,3,4,1,1,1,0,0,0,0,0,9 696,853,0,242,212,420,31,998,304,529,1 483,772,2 049,12 971,37 407,8 529,37 785,34 071,17 346,24 090,13 728
,,Exported: 2026-7-4 9:37 UTC,,,,,,,,,,,,,,,,,,,,,,,,,,,,,,,,,,,,,