Planning Authority,Site Name,Address,East,North,Site Size,Site Type,Period when site became Vacant or Derelict,Datazone,lon,lat,Start Year
Glasgow City,,S OF LONDON RD,263160,662621,5.46,Derelict,1981-1985,S01010065,-4.186615072871048,55.83734701368458,1981
Glasgow City,,CLYDESMILL DRIVE,264402,661410,1.95,Derelict,1981-1985,S01010071,-4.166194209583189,55.826824809090475,1981
Glasgow City,DIXON BLAZES,INDUSTRIAL EST. CATHCART ROAD,259126,663171,3.39,Derelict,1980 or earlier,S01010033,-4.251259870610427,55.84112365392378,1980
Glasgow City,,CALEDONIA ROAD/ LAWMOOR STREET/ CATHCART ROAD,258971,663582,0.89,Vacant Land,1981-1985,S01010033,-4.253946602431228,55.84476829312454,1981
Glasgow City,GLASGOW HARBOUR,CASTLEBANK ST / BENALDER ST,255995,666350,0.92,Derelict,1980 or earlier,S01010387,-4.302903847930786,55.86873888442501,1980
Glasgow City,LAURIESTON,BEDFORD STREET/ STIRLINGFAULD PL NORFOLK COURT,258961,664350,1.36,Derelict,1981-1985,S01010035,-4.254505487814279,55.85166042658171,1981
Glasgow City,CALE' RD CHURCH,HOSPITAL STREET/ CATHCART ROAD/ CUMBERLAND ST,258939,663890,0.3,Vacant Land and Buildings,1981-1985,S01010033,-4.254617375669549,55.84752413975255,1981
Glasgow City,,EGLINTON STREET/ TURRIF ST/ MACINLAY ST,258547,663663,0.64,Vacant Land,1981-1985,S01010034,-4.2607546238159335,55.845371318952736,1981
Glasgow City,,MACKINLAY STREET TURRIF ST/POLLO- KSHAWS ROAD.,258622,663707,0.29,Vacant Land,1981-1985,S01010034,-4.259580754759659,55.84578834131817,1981
Glasgow City,,NORTH OF 473 CALEDONIA RD,259721,663394,0.26,Vacant Land,1981-1985,S01010023,-4.241881483868826,55.84329918038407,1981
Glasgow City,,AULDHOUSE BURN/ WELLMEADOW ROAD,255327,660735,2.1,Vacant Land,1981-1985,S01009938,-4.310575655879793,55.81812962365616,1981
Glasgow City,,N OF HILLINGTON RD/ADJ TO RENFREW DIST.,252681,665530,0.94,Vacant Land,1981-1985,S01009833,-4.355369071302163,55.86037565906842,1981
Glasgow City,,WEST OF 295 EDMISTON DRIVE,254662,664746,0.21,Derelict,1981-1985,S01009848,-4.323326713138501,55.85393874958521,1981
Glasgow City,,SOUTH OF EDMISTON DRIVE,255140,664470,3.24,Derelict,1981-1985,S01009843,-4.315550319694448,55.851604816014174,1981
Glasgow City,GLASGOW HARBOUR,E OF MEADOWSIDE STREET,255593,666163,7.78,Vacant Land,1980 or earlier,S01010387,-4.309222645423482,55.86693976172023,1980
Glasgow City,CARDONALD BIS PK,S OF F.P. PLACE/ EAST OF FIFTY PITCHES ROAD,252921,665127,1.8,Derelict,1981-1985,S01009833,-4.3513194492569705,55.85683110002902,1981
Glasgow City,,NORTH OF 585 GOVAN RD,255945,665432,0.31,Vacant Land,1981-1985,S01009859,-4.3032141619933615,55.86048249237171,1981
Glasgow City,,REAR OF 30-70 JOHNSTONE AVENUE HILLINGTON,252762,665047,0.74,Vacant Land,1981-1985,S01009833,-4.353813795576729,55.85606437607411,1981
Glasgow City,,N OF HEPBURN RD,252702,665280,2.5,Vacant Land,1981-1985,S01009833,-4.354898019677298,55.858137755216916,1981
Glasgow City,,WEST OF 268 NITSHILL ROAD,252077,660490,0.16,Vacant Land,1981-1985,S01009779,-4.3622638808096355,55.81494525229505,1981
Glasgow City,,DOVE STREET / NITSHILL ROAD,252156,660204,1.16,Vacant Land,1981-1985,S01009779,-4.360848797952728,55.81240193776495,1981
Glasgow City,,PINMORE STREET,251843,660648,0.31,Vacant Land,1981-1985,S01009776,-4.366080811508464,55.81629191151482,1981
Glasgow City,GLASGOW HARBOUR,YORKHILL QUAY/ FERRY ROAD.,256089,665823,3.14,Vacant Land,2006,S01010283,-4.301123101489234,55.86403576407196,2006
Glasgow City,,NORTH OF 168 KELVINHAUGH ST,256534,665853,0.19,Vacant Land,1980 or earlier,S01010286,-4.294034755401846,55.86443778131313,1980
Glasgow City,,SIGHTHILL FREIGHT TERMINAL SPRINGBURN RD,261088,666801,1.55,Derelict,1981-1985,S01010225,-4.221814414454837,55.87428336591764,1981
Glasgow City,,BLOCHAIRN ROAD/ SEIMENS ROAD.,261626,666379,1.27,Vacant Land,1981-1985,S01010229,-4.213007139239835,55.87064943391499,1981
Glasgow City,,AUCHINLOCH ST/ PETERSHILL ROAD.,260796,667034,0.17,Vacant Land,1981-1985,S01010225,-4.2265972924370825,55.87629096053515,1981
Glasgow City,,REAR OF 42-78 GARDENSIDE CRESCENT.,264682,661526,0.78,Vacant Land,1981-1985,S01010071,-4.16178579165153,55.82794492081568,1981
Glasgow City,,STATION ROAD.,268184,663647,0.14,Vacant Land,1981-1985,S01010090,-4.106953023834347,55.847958472403214,1981
Glasgow City,,BOGBAIN ROAD.,267394,665841,0.23,Vacant Land,1981-1985,S01010122,-4.120634578625844,55.867441176310464,1981
Glasgow City,,WEST OF HORNDEAN CRESCENT.(EASTER Q'LIE IND EST,265489,665988,0.51,Vacant Land,1981-1985,S01010129,-4.151125778258645,55.86823294110841,1981
Glasgow City,,DUNPHAIL ROAD/ ABBEYCRAIG ROAD.,268942,665900,0.99,Vacant Land,1981-1985,S01010109,-4.095944587468074,55.86839451220674,1981
Glasgow City,DARNLEY MAINS,DARNLEY MAINS,253389,658785,5.05,Vacant Land,1981-1985,S01009767,-4.340426360554665,55.80003889432283,1981
Glasgow City,,WEST OF 556 DALMARNOCK RD,261333,663023,1.16,Derelict,1981-1985,S01010046,-4.2159694040222195,55.84043448600451,1981
Glasgow City,,FRENCH ST / COLVEND ST,260831,663141,0.35,Vacant Land,1980 or earlier,S01010046,-4.224039668903052,55.84134931533798,1980
Glasgow City,N.I.S.A.,SPRINGFIELD ROAD KINNEAR ROAD GAILES STREET,262061,663771,2.16,Derelict,1980 or earlier,S01010050,-4.204733812876708,55.84735897675069,1980
Glasgow City,,EAST OF ATLAS ROAD.,260746,667632,0.89,Derelict,1981-1985,S01010212,-4.227703400123307,55.881645386895244,1981
Glasgow City,ATLAS IND EST,SOUTH OF 9 EDGEFAULD AVE,260928,667386,0.12,Derelict,1981-1985,S01010212,-4.224670013342591,55.87948937550878,1981
Glasgow City,,INVERESK STREET FORMER G.D.C. WORKS YARD.,264036,664970,0.14,Vacant Land,1981-1985,S01010133,-4.1738159900097465,55.85868507252151,1981
Glasgow City,,80 MELBOURNE ST,260603,665004,0.9,Vacant Land,1986-1990,S01010254,-4.228635110472857,55.858009667543485,1986
Glasgow City,,CARSTAIRS STREET COLVEND STREET/ FRENCH STREET,261022,663116,0.4,Vacant Land,1981-1985,S01010046,-4.2209792562038535,55.841179938707114,1981
Glasgow City,,N OF PEARCE LANE,255435,665882,1.62,Vacant Land,1981-1985,S01009860,-4.311595288532246,55.86436969093292,1981
Glasgow City,,N OF SPIERS'BDGE LANE,254102,659184,1.63,Vacant Land,1986-1990,S01009760,-4.329276562653366,55.803836805751814,1986
Glasgow City,G'GOW BIS PARK,S OF WARDIE RD,267318,665169,1.8,Derelict,1981-1985,S01010103,-4.121519076633681,55.86138655862296,1981
Glasgow City,,NORTH OF 90 NETHERHOUSE PL.,269093,665750,0.3,Derelict,1986-1990,S01010108,-4.093460860416109,55.86708873565632,1986
Glasgow City,,WEST OF 18 HARLAND STREET,253026,667449,0.31,Vacant Land,1981-1985,S01010436,-4.3509031100648645,55.87770843320768,1981
Glasgow City,,ROYSTON ROAD/ SEIMENS STREET.,261585,666598,0.72,Vacant Land,1980 or earlier,S01010229,-4.2137737504186354,55.87260387159365,1980
Glasgow City,,STEVENSON STREET / TOBAGO STREET,260430,664398,0.35,Derelict,2007,S01010042,-4.231084729667791,55.852518891545216,2007
Glasgow City,,CRAIGNESTOCK STREET.,260399,664320,0.2,Derelict,1981-1985,S01010042,-4.231539354012471,55.851809625923856,1981
Glasgow City,PHEONIX PK NURSERY,CIVIC STREET,258779,666484,1.37,Vacant Land,2006,S01010297,-4.258522085452266,55.87076598446712,2006
Glasgow City,,EAST OF 109 DUNBLANE STREET,258941,666338,0.15,Vacant Land,1981-1985,S01010270,-4.255859282638804,55.869502671517665,1981
Glasgow City,,NORTH OF 49 COWLAIRS ROAD,260267,667700,0.47,Derelict,1986-1990,S01010223,-4.235389310646249,55.882117140889946,1986
Glasgow City,,EDGEFAULD ROAD/ ATLAS ROAD/ CAMPSIE ST.,260841,667922,0.54,Vacant Land,1981-1985,S01010212,-4.226335111082726,55.88427648654217,1981
Glasgow City,,SOUTH OF 15 CROFTBANK STREET,260952,667712,0.16,Vacant Land,1986-1990,S01010211,-4.224454149822156,55.88242315806861,1986
Glasgow City,,NORTH OF 327 FORGE STREET,261929,667013,4.56,Derelict,1986-1990,S01010225,-4.2084920004695405,55.87642853742298,1986
Glasgow City,,GARTCRAIG ROAD.,263881,665996,0.26,Vacant Land,1981-1985,S01010174,-4.176805717656665,55.86785314942793,1981
Glasgow City,,SOUTH OF HILLEND ROAD/WEST OF S.R.C. WATER,258235,668894,2.34,Vacant Land,1986-1990,S01010333,-4.268470630408827,55.892242730866634,1986
Glasgow City,,W OF BOGHALL ST,264644,666308,0.93,Vacant Land,1986-1990,S01010177,-4.164778400269591,55.87086938835787,1986
Glasgow City,,1628 CUMBERNAULD ROAD,264415,667546,0.2,Vacant Land,1981-1985,S01010188,-4.169055167568342,55.88192027165101,1981
Glasgow City,,EAST OF 243 POLLOKSHAWS RD,258624,663504,0.67,Derelict,1986-1990,S01010033,-4.259443062296792,55.84396641134285,1986
Glasgow City,,EAST OF 130 CAUSEWAYSIDE ST,264134,662820,0.11,Vacant Land,1986-1990,S01010071,-4.171174573113802,55.839409063979225,1986
Glasgow City,,NORTH OF 60 DORCHESTER AVE,255432,668987,1.19,Derelict,1981-1985,S01010363,-4.3133010965807514,55.892244028713264,1981
Glasgow City,,N OF 10 MANSION STREET,258990,668186,0.16,Vacant Land,1981-1985,S01010326,-4.256039339331886,55.886108154207825,1981
Glasgow City,,EDINGTON STREET.,258776,666683,0.52,Vacant Land,1986-1990,S01010297,-4.2586737459716195,55.87255170300078,1986
Glasgow City,,NORTH OF MOUNTAINBLUE ST,261576,664443,0.48,Vacant Land,1986-1990,S01010245,-4.21281672752286,55.85325333129428,1986
Glasgow City,,DALMARNOCK ROAD/ MORDAUNT STREET/ BALTIC STREET,261354,663273,1.37,Derelict,2010,S01010046,-4.215762061549576,55.84268506982813,2010
Glasgow City,,FIRHILL PARK / FIRHILL ROAD,258213,667802,2.8,Derelict,1980 or earlier,S01010314,-4.26824991581224,55.882432499725354,1980
Glasgow City,,EAST OF 100 DORNAL AVENUE.,251385,669366,0.33,Vacant Land,1986-1990,S01010446,-4.3781614066113175,55.89441401949629,1986
Glasgow City,,MUIRHEAD ROAD / BAILLIESTON RD,268319,663002,3.26,Derelict,1981-1985,S01010088,-4.1044853502314895,55.84220401180419,1981
Glasgow City,,W OF 67 POSSIL ROAD,258647,667087,0.44,Derelict,1981-1985,S01010297,-4.260944545206067,55.876140924480424,1981
Glasgow City,,NORTH OF 620 MARYHILL ROAD,257829,667639,0.12,Vacant Land,1980 or earlier,S01010314,-4.274297687854235,55.880855908531906,1980
Glasgow City,BLINDCRAFT,SARACEN STREET,258975,667630,0.16,Vacant Land,1981-1985,S01010311,-4.255989244375938,55.88111206147188,1981
Glasgow City,,MARYHILL LOCKS,256314,669079,0.96,Derelict,1981-1985,S01010356,-4.299259074541486,55.89333403685016,1981
Glasgow City,,31-49 DUNCRUIN STREET.,256536,669326,0.28,Vacant Land,1986-1990,S01010357,-4.295843289184154,55.89561772210823,1986
Glasgow City,,SOUTH OF 195 FIRPARK STREET.,260635,665565,1.16,Vacant Land,1981-1985,S01010262,-4.22841275309485,55.86305562521161,1981
Glasgow City,,ADAMSWELL STREET SOUTHLOCH STREET,260769,667225,1.55,Vacant Land,2008,S01010208,-4.227126707975522,55.87799796689883,2008
Glasgow City,,S OF EVERARD DR.,260298,668899,1.53,Vacant Land,1981-1985,S01010214,-4.2355132001753235,55.89289075705467,1981
Glasgow City,PROVAN GASWORKS,ROYSTON ROAD,262149,666673,21.89,Derelict,1980 or earlier,S01010228,-4.204805382128576,55.87343896391151,1980
Glasgow City,,WILSON STREET/ CANDLERIGGS/ BRUNSWICK ST.,259481,665048,0.53,Vacant Land,1986-1990,S01010264,-4.246568017415966,55.85807889997001,1986
Glasgow City,,125-145 HOLM ST.,258548,665196,0.1,Vacant Land,2008,S01010273,-4.261538270670906,55.85913472072292,2008
Glasgow City,TRANSPORT DEPOT,2222 LONDON ROAD,264554,662363,0.21,Derelict,1986-1990,S01010071,-4.16424506044126,55.83542402045453,1986
Glasgow City,,DISUSED RAILWAY BURNHAM RD/YOKER FERRY RD.,251834,668225,2.64,Derelict,1980 or earlier,S01010442,-4.37036329214195,55.88430951249722,1980
Glasgow City,,DOWNCRAIG DRIVE/ CARMUNNOCK ROAD.,259464,658695,1.69,Vacant Land,1981-1985,S01009971,-4.243551843044135,55.801036558890914,1981
Glasgow City,PRINCESS DOCK,GOVAN ROAD. (AKA    PACIFIC QUAY),256271,664934,3.25,Derelict,1981-1985,S01009862,-4.297746172223563,55.85610894987645,1981
Glasgow City,,HOUSTON STREET/ OPP HOUSTON PLACE.,257617,664366,0.89,Vacant Land,1986-1990,S01010031,-4.275963773251642,55.85140902191202,1986
Glasgow City,,WEST OF 337BOGMOOR ROAD N OF HILLINGTON IND  EST.,252751,665650,1.96,Vacant Land,1981-1985,S01009833,-4.3543168934855565,55.8614743247936,1981
Glasgow City,,110-140 HARDGATE ROAD,253157,665668,1.65,Derelict,1986-1990,S01009833,-4.347845707688102,55.86175978875131,1986
Glasgow City,,TARFSIDE GARDENS,253789,663703,0.21,Vacant Land,1986-1990,S01009806,-4.336697577066823,55.84431132273274,1986
Glasgow City,GCC WORKS DEPOT.,593 NITSHILL ROAD.,252472,660111,1.15,Derelict,1986-1990,S01009769,-4.355760436487199,55.81166369846218,1986
Glasgow City,,NITSHILL ROAD NTH OF RAILWAY,252288,660197,0.49,Vacant Land,1986-1990,S01009779,-4.358740559410045,55.81237949617642,1986
Glasgow City,,MARYHILL ROAD/ FINGAL STREET.,256454,669200,0.39,Vacant Land,1980 or earlier,S01010356,-4.2970865711797765,55.89446209612946,1980
Glasgow City,,REAR OF 27 BURNHAM ROAD.,252290,667954,0.18,Vacant Land,1986-1990,S01010432,-4.362932129403392,55.88201678056885,1986
Glasgow City,BARLIA NURSERY,EAST OF BARLIA TERRACE,260743,659231,3.87,Vacant Land,1986-1990,S01009981,-4.223439585974527,55.80621931152046,1986
Glasgow City,,SPRINGBURN ROAD/ PETERSHILL ROAD.,260500,667069,0.86,Vacant Land,1986-1990,S01010225,-4.231342532309442,55.8765195544247,1986
Glasgow City,N OF NEW ROAD,DUKE STREET.,262256,664709,0.83,Vacant Land,1986-1990,S01010052,-4.202098284136623,55.85583632573014,1986
Glasgow City,CLYDE DRY DOCKS,GOVAN ROAD.,256086,665457,7.6,Derelict,1986-1990,S01009859,-4.300976648032191,55.86074905644036,1986
Glasgow City,,S OF POSSIL ROAD,258880,667201,0.45,Vacant Land,1986-1990,S01010220,-4.257282963619797,55.877232723803814,1986
Glasgow City,,GARRIOCH QUAD/ CONTIN PLACE.,256869,668201,0.72,Derelict,1980 or earlier,S01010322,-4.289927565185477,55.88561699968885,1980
Glasgow City,,REAR OF 1763 CUMBERNAULD ROAD,264610,667748,0.25,Vacant Land,1986-1990,S01010188,-4.166041422017798,55.883788778765584,1986
Glasgow City,,232-236 BROOMIE- LAW/2 ANDERSTON QUAY.,258140,664976,0.34,Vacant Land,1986-1990,S01010272,-4.267935994644506,55.8570396823628,1986
Glasgow City,,150 CARNTYNEHALL ROAD.,263685,664751,0.22,Vacant Land,1986-1990,S01010132,-4.1793091030479115,55.856619660787565,1986
Glasgow City,,999 ROYSTON ROAD,262507,667063,1.62,Derelict,1986-1990,S01010228,-4.1992863391907065,55.87704279344227,1986
Glasgow City,,EAST OF DALSHOLM RD,255775,669240,2.08,Derelict,1980 or earlier,S01010465,-4.307956232101755,55.89461823125593,1980
Glasgow City,,SOUTH OF M.80 BY ROBROYSTON RD,263704,668084,15.44,Derelict,1981-1985,S01010188,-4.180683035529627,55.886549900851186,1981
Glasgow City,,DUKE ST/BARRACK ST/HUNTER ST.,260417,665115,0.24,Vacant Land,1986-1990,S01010257,-4.231661345182133,55.85895240344992,1986
Glasgow City,,ST GREGORYS S'DY SCHOOL/SKERRYV- ORE ROAD.,264857,665522,3.16,Derelict,1991-1995,S01010162,-4.160984960976451,55.86387210715423,1991
Glasgow City,CARDOWAN BING,"CARDOWAN, SOUTH OF G.D.C. BOUNDARY.",267517,667772,18.22,Derelict,1991-1995,S01010117,-4.119615365276834,55.88481290084084,1991
Glasgow City,ST SCHOLASTICA'S,ST SCHOLASTICA'S SCHOOL/ARNISDALE ROAD.,267192,665645,2.4,Derelict,1991-1995,S01010122,-4.123763996369146,55.865625712215135,1991
Glasgow City,,NW OF JUNCTION OF STEPPS ROAD & BLIARTUMMOCK,265271,665867,0.6,Vacant Land,1991-1995,S01010129,-4.154546585487237,55.86708562769746,1991
Glasgow City,,W OF SANDAIG RD/ NORTH OF RAILWAY LINE.,266024,664406,3.96,Derelict,1991-1995,S01010130,-4.14180089852992,55.85417787430402,1991
Glasgow City,SAUGHS FARM,SAUGHS ROAD.,264660,668830,0.64,Derelict,1991-1995,S01010188,-4.165783969281176,55.89351748355439,1991
Glasgow City,,NORTH OF SHISKINE DRIVE.,256653,669657,0.32,Vacant Land,1980 or earlier,S01010353,-4.294149373004116,55.8986241732919,1980
Glasgow City,,JUNCTION OF POSSIL ROAD/ GARSCUBE ROAD,258579,666940,0.14,Vacant Land,1991-1995,S01010303,-4.2619537278965,55.874801219778846,1991
Glasgow City,,27 SAWMILLFIELD STREET.,258759,666804,0.15,Vacant Land,1991-1995,S01010297,-4.2590083116205095,55.87363304187344,1991
Glasgow City,,EAST OF OLD MANSE ROAD/SOUTH OF RAILWAY,265974,664238,2.93,Derelict,1991-1995,S01010097,-4.142515968122109,55.852655569136054,1991
Glasgow City,,EAST OF SHOWMENS SITE ON KENMUIR ROAD.,265763,662411,10.95,Derelict,1991-1995,S01010091,-4.144979896158919,55.83619295441487,1991
Glasgow City,,OXFORD STREET/ SOUTH PORTLAND STREET.,258889,664556,0.23,Vacant Land,1991-1995,S01010032,-4.2557617941870625,55.853488810518876,1991
Glasgow City,,WEST OF 1159 ROYSTON ROAD/ EAST OF M.80,262719,667291,1.39,Vacant Land,1991-1995,S01010184,-4.196016102180244,55.879150307785025,1991
Glasgow City,,HORNDEAN ROAD/ PENSTON ROAD/ LONMAY ROAD.,265749,665863,2.48,Vacant Land,1991-1995,S01010129,-4.146912186056423,55.86718314147588,1991
Glasgow City,,COMMONHEAD ROAD/ DUNGEONHILL ROAD N'TH'HOUSE RD,268864,665460,4.42,Vacant Land,1991-1995,S01010109,-4.096977154914099,55.86442259302799,1991
Glasgow City,HOWDENS,SCOTLAND STREET/ SHIELDS ROAD.,257767,664087,4.14,Derelict,1991-1995,S01010032,-4.273423522159629,55.84894848643625,1991
Glasgow City,POSSILPARK H.S.,ARDOCH STREET/ CARBETH STREET.,258992,667708,0.55,Derelict,1991-1995,S01010311,-4.255758352109418,55.881817314264204,1991
Glasgow City,,NORTH BROADHOLM,252542,671575,7.12,Vacant Land,1991-1995,S01010492,-4.360881925581613,55.914600446223204,1991
Glasgow City,,EAST OF LOCHGOIN AVENUE.,251846,671970,1.07,Vacant Land,1991-1995,S01010498,-4.372223774027231,55.91793252729052,1991
Glasgow City,,SKERRYVORE ROAD/ LANGNESS ROAD/ MONARCH ROAD.,265001,665621,0.63,Vacant Land,1991-1995,S01010162,-4.1587351841578135,55.86480134249001,1991
Glasgow City,RAIL DEPOT,COWLAIRS ROAD.,260086,667993,0.63,Derelict,1991-1995,S01010223,-4.238431818343766,55.88469513635147,1991
Glasgow City,,MANSE ROAD/WEST OF M.73,269342,664648,2.69,Derelict,1991-1995,S01010088,-4.088953510899382,55.857261577667465,1991
Glasgow City,,OPPOSITE 239 CLEEVES ROAD CLEEVES ROAD.,252315,660346,0.48,Vacant Land,1991-1995,S01009778,-4.358391044240456,55.81372537817652,1991
Glasgow City,,7-29 KILLEARN STREET,259597,667546,0.52,Vacant Land,1991-1995,S01010221,-4.246011035264179,55.880539659217305,1991
Glasgow City,POSSIL IRON W'KS,DENMARK STREET/ ALLANDER STREET/ BARDOWIE ST.,259273,667791,0.41,Derelict,1991-1995,S01010224,-4.251313278982292,55.88264467882138,1991
Glasgow City,,4-10 STONYHURST STREET.,259610,667688,1.4,Vacant Land,1991-1995,S01010221,-4.245877046374991,55.88181831713066,1991
Glasgow City,,FARNELL STREET,258766,666860,0.26,Vacant Land,1991-1995,S01010297,-4.2589257335637445,55.8741378552005,1991
Glasgow City,,MONYMUSK PLACE/ LADYLOAN AVENUE.,251467,672076,0.24,Vacant Land,1991-1995,S01010497,-4.378340675030048,55.91876719542355,1991
Glasgow City,,FETTERCAIRN AVENUE.,251253,671659,0.3,Vacant Land,1991-1995,S01010502,-4.381532047371094,55.91495763307942,1991
Glasgow City,,11 LOCHDOCHART ROAD.,268425,665544,1.18,Vacant Land,1991-1995,S01010106,-4.10402735956557,55.86505713693468,1991
Glasgow City,,4-8 BUCHLYVIE STREET.,267760,665437,1.68,Vacant Land,1991-1995,S01010122,-4.1145931498100525,55.86391435887265,1991
Glasgow City,,3-23 BUCHLYVIE STREET.,267882,665467,1.97,Vacant Land,1991-1995,S01010112,-4.112659868532227,55.86421718809854,1991
Glasgow City,,NORTH OF 1538 MARYHILL ROAD.,256785,668869,0.18,Vacant Land,1980 or earlier,S01010356,-4.291622909921341,55.89158909284592,1980
Glasgow City,,S OF 9 SANDBANK STREET.,256707,668912,0.24,Vacant Land,1980 or earlier,S01010356,-4.292891806759172,55.891951920103224,1980
Glasgow City,,CONISBOROUGH RD/ BALCURVIE ROAD.,266980,666597,0.29,Vacant Land,1991-1995,S01010117,-4.127616515755384,55.87411492476205,1991
Glasgow City,,CRAIGENDMUIR STREET,262616,666714,0.87,Vacant Land,1991-1995,S01010180,-4.197368437319657,55.87394048920839,1991
Glasgow City,,NORTH OF 67 COLLINA STREET,256377,668988,1.88,Derelict,1980 or earlier,S01010361,-4.2982042350840315,55.89253587620027,1980
Glasgow City,HOLMBYRE TERRACE,HOLMBYRE TERRACE,259166,658579,0.17,Vacant Land,1991-1995,S01009971,-4.248241709971182,55.79990830973741,1991
Glasgow City,TORYGLEN PITCHES,NORTH OF PROSPECTHILL RD/ AIKENHEAD RD,259606,661867,1.26,Vacant Land,2001-2004,S01010021,-4.242926763254624,55.82955627109702,2001
Glasgow City,,PROSPECTHILL RD/ BOLIVAR TERRACE/ HANGINGSHAW P,259189,661694,2.42,Vacant Land,1991-1995,S01009902,-4.249488615253863,55.827881563657655,1991
Glasgow City,,REAR OF 34-50 VAILA STREET.,257793,669336,4.56,Derelict,1980 or earlier,S01010351,-4.275764572731394,55.8960805225921,1980
Glasgow City,,MELBOURNE STREET /GRAHAM SQUARE,260573,664892,0.55,Vacant Land,1991-1995,S01010254,-4.229056392650073,55.85699544513639,1991
Glasgow City,,DALMARNOCK ROAD/ BARTHOLEMEW ST.,261161,663324,0.36,Vacant Land,2010,S01010053,-4.218867790271502,55.84308743194727,2010
Glasgow City,,S OF 6 VAILA PL.,258018,669237,9.91,Derelict,1980 or earlier,S01010351,-4.272117557306625,55.895258149378805,1980
Glasgow City,99 DRAKEMIRE DRIVE,99 DRAKEMIRE DRIVE.,259132,659151,0.27,Vacant Land,1991-1995,S01009972,-4.249079818799951,55.805033834781476,1991
Glasgow City,M'OWSIDE GRANARY,SOUTH STREET,254531,666509,7.17,Vacant Land,1991-1995,S01010391,-4.326363710504617,55.86972652009323,1991
Glasgow City,,DYKE ROAD/ LANGHOLM STREET,251790,668457,0.24,Vacant Land,1991-1995,S01010438,-4.371193110863904,55.88637867012205,1991
Glasgow City,LADYLOAN P.S.,LADYLOAN AVENUE,251806,672039,0.7,Derelict,1991-1995,S01010497,-4.372901067752038,55.918539622642534,1991
Glasgow City,,2235 BALMORE ROAD.,258218,670345,0.18,Derelict,1981-1985,S01010345,-4.269503060352667,55.90526447454147,1981
Glasgow City,,346-372 LIDDESDALE ROAD,259631,669331,0.25,Vacant Land,1991-1995,S01010332,-4.24639404033922,55.8965751800592,1991
Glasgow City,,KILLEARN STREET/ STONYHURST ST/ BYSHOT PATH,259607,667607,1.41,Vacant Land,1991-1995,S01010221,-4.2458829529017565,55.88109022913874,1991
Glasgow City,,2-28 BYSHOT STREET,259736,667657,0.79,Vacant Land,1991-1995,S01010224,-4.243848457913869,55.88157671674947,1991
Glasgow City,,2-28 ALLANDER STREET,259612,667751,0.67,Vacant Land,1991-1995,S01010224,-4.245877776717897,55.88238451055983,1991
Glasgow City,,N'TH OF COWLAIRS ROAD.,260263,667744,0.98,Derelict,1991-1995,S01010223,-4.235475916531426,55.88251101245633,1991
Glasgow City,,97-103 HYDEPARK STREET,257839,665200,1.75,Vacant Land,1991-1995,S01010276,-4.27285800523507,55.85896203235492,1991
Glasgow City,,OPP NO 112-132 STRATHMORE ROAD.,258889,669604,1.38,Vacant Land,1980 or earlier,S01010334,-4.258392433988853,55.898809159113725,1980
Glasgow City,,8-34 BALDRAGON ROAD.,268016,666220,2.52,Vacant Land,1996-2000,S01010111,-4.110887199679069,55.8710149248068,1996
Glasgow City,,CUMBERNAULD ROAD,264299,667656,0.84,Derelict,1991-1995,S01010188,-4.170963215016866,55.88287521981564,1991
Glasgow City,,NORTH OF 118-154 LIDDESDALE ROAD.,258942,669391,3.74,Derelict,1980 or earlier,S01010332,-4.257434423198265,55.89691241483194,1980
Glasgow City,,MACGREGOR STREET ARDLAW STREET.,254745,664870,0.2,Vacant Land,1991-1995,S01009842,-4.322068447727015,55.85507697593938,1991
Glasgow City,TEUCHARHILL,ARTHURLIE STREET ABOYNE STREET/ MACGREGOR STR,254919,664906,1.31,Vacant Land,1991-1995,S01009842,-4.319310564008897,55.85545256491405,1991
Glasgow City,,EAST OF 310 GLENTANNAR RD,259027,669663,0.78,Vacant Land,1980 or earlier,S01010334,-4.256218056599775,55.899379295841456,1980
Glasgow City,,26-66 LEDAIG STREET,262492,665161,0.44,Vacant Land,1996-2000,S01010246,-4.198560470077822,55.859961884679045,1996
Glasgow City,,9-25 BALDRAGON ROAD,268013,666304,0.59,Vacant Land,1996-2000,S01010111,-4.110976042795749,55.871768318940376,1996
Glasgow City,,BROOMFIELD ROAD,262200,667084,0.21,Derelict,1996-2000,S01010228,-4.204200093262911,55.87714359909362,1996
Glasgow City,,RHYMER STREET/ CASTLE STREET/ M8.,260326,666077,0.63,Vacant Land,1996-2000,S01010231,-4.233609810860577,55.867562921599074,1996
Glasgow City,,36-64 STONYHURST STREET/ 33-61 ALLANDER ST,259405,667699,1.33,Vacant Land,1996-2000,S01010224,-4.249157095755896,55.88185726728373,1996
Glasgow City,,32-46 ALLANDER STREET,259448,667761,0.41,Vacant Land,1996-2000,S01010224,-4.24850247722889,55.882426450852265,1996
Glasgow City,,EAST OF ALLNACH PLACE/ST COLLETE P. S. SITE,269235,665923,1.21,Derelict,1996-2000,S01010109,-4.091276914868927,55.86868064401079,1996
Glasgow City,,20-38 THARSIS STREET,260738,666280,1.29,Vacant Land,1996-2000,S01010232,-4.227135866248412,55.86950473011235,1996
Glasgow City,,CAMBUSLANG ROAD/ FULLARTON ROAD.,263775,661858,0.59,Vacant Land,1996-2000,S01010071,-4.1764199660760815,55.83067055058479,1996
Glasgow City,,LIDDESDALE SQ/ ASHGILL ROAD.,260143,669330,0.24,Vacant Land,1980 or earlier,S01010335,-4.238212514761499,55.89671525344471,1980
Glasgow City,COWLAIRS PARK,NORTH OF KEPPOCHILL ROAD,259477,667333,19.88,Derelict,1996-2000,S01010221,-4.2478170966552256,55.87859235933627,1996
Glasgow City,,LIDDLESDALE ROAD SCALPAY STREET/ LIDDLESDALE P,259483,669334,2,Vacant Land,1996-2000,S01010332,-4.248760407506897,55.89655892740738,1996
Glasgow City,,DRUMMORE RD SUMMERHILL RD SADDELL RD,252738,671852,1.2,Vacant Land,1996-2000,S01010492,-4.3578999572596455,55.91714717391242,1996
Glasgow City,,121 DUNKENNY ROAD,251475,671426,0.12,Vacant Land,2005,S01010501,-4.377855382219462,55.91293457961776,2005
Glasgow City,PLAYING FIELDS,WALLACEWELL ROAD BROOMFIELD ROAD,261944,667797,4.57,Derelict,1996-2000,S01010199,-4.208652264366633,55.883471725347476,1996
Glasgow City,,2127-2131 DUMBARTON ROAD,251629,668406,0.69,Vacant Land,1996-2000,S01010442,-4.373736777124863,55.88587125373846,1996
Glasgow City,GARTLOCH HOSP 3,GARTLOCH ROAD,268195,667221,2.74,Vacant Land,1996-2000,S01010109,-4.108515937238069,55.88005168559479,1996
Glasgow City,,COGAN STREET,256123,661157,1.08,Vacant Land,1996-2000,S01009938,-4.298106303906263,55.82215612276769,1996
Glasgow City,,41-125 EASTERHILL ST.,263934,663025,0.66,Derelict,1996-2000,S01010071,-4.174468512356958,55.841193262322555,1996
Glasgow City,,S OF HAYWOOD ST,259220,668829,1.41,Vacant Land,1980 or earlier,S01010325,-4.252699871192244,55.891948241720314,1980
Glasgow City,QUEENSLIE I. EST,WEARDALE LANE/ WEARDALE STREET,265434,665690,0.7,Vacant Land,1996-2000,S01010129,-4.151855995399102,55.865541980299426,1996
Glasgow City,CLEDDENS PRIMARY,KATEWELL  AVENUE,251184,671777,2.09,Vacant Land,1996-2000,S01010502,-4.382699984479165,55.91599557932813,1996
Glasgow City,,S OF 13 EDAY ST,259723,668781,1.24,Vacant Land,1980 or earlier,S01010324,-4.244638770187035,55.891664140464236,1980
Glasgow City,,8-12 ARNISDALE ROAD,267027,665707,1.09,Vacant Land,1996-2000,S01010119,-4.1264289852633524,55.866136882451855,1996
Glasgow City,,AUCHINGILL ROAD OPP BISHOP LOCH PRIMARY SCH.,268619,666525,0.38,Vacant Land,1996-2000,S01010111,-4.101405564152674,55.87391829878537,1996
Glasgow City,ST CLARES,DRUMLANRIG AVE.,268537,665873,0.42,Vacant Land,1996-2000,S01010111,-4.102398695031706,55.86804173991831,1996
Glasgow City,W. SUBURB CENTRE,GARTLOCH ROAD / STEPPS ROAD,265109,666293,1.24,Vacant Land,1996-2000,S01010171,-4.15734541783464,55.87086513932306,1996
Glasgow City,,BERRYKNOWES ROAD N OF CEMETERY / S OF RAILWAY,253813,664573,1.17,Vacant Land,1996-2000,S01009851,-4.336783473188954,55.852128956578255,1996
Glasgow City,H'END ALLOTMENTS,S OF 91 HILLEND ROAD,258451,668927,3.19,Derelict,1981-1985,S01010333,-4.265036982068044,55.892602561341164,1981
Glasgow City,RUCHILL HOSPITAL,BILSLAND DRIVE,258354,668309,16.17,Derelict,1996-2000,S01010326,-4.266263158712578,55.887025745642106,1996
Glasgow City,DEAF SCHOOL,STORNOWAY STREET SHAPINSAY STREET,259565,669675,3.02,Vacant Land,1996-2000,S01010338,-4.247627274856097,55.89964432746525,1996
Glasgow City,,N OF 26 CLADDENS ROAD,258899,668867,0.47,Vacant Land,1980 or earlier,S01010331,-4.257848129278877,55.892195417372506,1980
Glasgow City,ST LEONARDS H.S.,LOCHEND ROAD/ CAIRNBROOK ROAD,267972,666010,3.18,Vacant Land,1996-2000,S01010110,-4.1114874924972495,55.8691173276548,1996
Glasgow City,GLENCONNER PARK,CHARLES STREET/ CHRISTOPHER ST.,261277,666653,0.5,Derelict,1996-2000,S01010225,-4.21872034978075,55.873009071349074,1996
Glasgow City,,OSBOURE STREET/ OLD WYND,259364,664879,0.34,Vacant Land,1996-2000,S01010264,-4.248347976415938,55.856527500056586,1996
Glasgow City,CHIRNSIDE P.F.,ASHGILL ROAD,259860,668999,2.24,Derelict,1996-2000,S01010324,-4.242562935117582,55.89366123565869,1996
Glasgow City,CARDONALD BIS PK,WEST OF FIFTY PITCHES ROAD/ SOUTH OF M8,252915,665350,0.58,Vacant Land,1981-1985,S01009833,-4.351536199878969,55.8588312101428,1981
Glasgow City,,STRACHUR STREET/ ERRADALE STREET.,258227,669365,0.56,Derelict,1980 or earlier,S01010334,-4.268845325976049,55.896468910705494,1980
Glasgow City,,FETTERCAIRN AVE/ INCHFAD DRIVE/ KERRY PLACE.,251430,671469,0.19,Vacant Land,1996-2000,S01010501,-4.378598295178344,55.91330669669672,1996
Glasgow City,SPORTS PITCHES,DUNTREATH AVENUE GARSCADDEN ROAD.,252156,670808,1.15,Vacant Land,1996-2000,S01010489,-4.366632274053979,55.9075964945603,1996
Glasgow City,,RONALDSAY STREET LIDDLESDALE SQ.,259842,669281,4.05,Derelict,1980 or earlier,S01010335,-4.242996665762161,55.89618777437334,1980
Glasgow City,,PENDEEN ROAD/ OPP MILLBEG CRES,266591,664424,0.35,Vacant Land,1996-2000,S01010124,-4.1327591580612095,55.854496748291524,1996
Glasgow City,,COMMERCE STREET/ CENTRE STREET,258479,664349,0.1,Derelict,1996-2000,S01010032,-4.2621976204302365,55.85151020145792,1996
Glasgow City,ST ANTHONYS F.C.,HELEN STREET/ EDMISTON DRIVE.,255043,664755,0.43,Vacant Land,1996-2000,S01009843,-4.317250703315015,55.854134260386594,1996
Glasgow City,,STONEYHURST ST/ TANNOCK STREET.,258850,667704,1.07,Derelict,1996-2000,S01010311,-4.258024328729843,55.88173980274964,1996
Glasgow City,,BURMOLA STREET/ TANNOCK STREET/ HOBART STREET,258802,667782,0.59,Vacant Land,1996-2000,S01010311,-4.258831683687461,55.88242600462328,1996
Glasgow City,,BARDOWIE STREET/ BURMOLA STREET/ HOBART STREET,258794,667856,0.58,Vacant Land,2005,S01010311,-4.258998069041617,55.88308802054654,2005
Glasgow City,MEAT MARKET (N),BELGROVE STREET/ DUKE STREET,260719,664951,1.33,Vacant Land,1996-2000,S01010254,-4.22675619114563,55.85756736318668,1996
Glasgow City,,CORSOCK STREET/ APPIN ROAD/ TODD STREET,262223,665175,2.14,Vacant Land,1996-2000,S01010246,-4.202861877020221,55.86001075453586,1996
Glasgow City,,ARMOUR STREET/ SYDNEY STREET/ BARRACK ST,260413,664922,0.66,Derelict,2001-2004,S01010254,-4.231625819320617,55.85721847851802,2001
Glasgow City,,ABERNETHY STREET DUNRAGIT STREET,262153,665082,0.1,Vacant Land,2010,S01010245,-4.203932055338114,55.859155762662326,2010
Glasgow City,,BENGAIRN STREET/ APPIN ROAD,262347,665088,0.6,Vacant Land,1996-2000,S01010245,-4.200838166909543,55.85926507957564,1996
Glasgow City,MEAT MARKET (S),BELLGROVE STREET GRAHAMS SQUARE/ GALLOWGATE,260680,664877,1.52,Vacant Land,1996-2000,S01010254,-4.227340705803136,55.85689171307297,1996
Glasgow City,,CARNTYNE ROAD/ TODD STREET,262436,665050,0.46,Vacant Land,2001-2004,S01010246,-4.199398117532811,55.85894931694044,2001
Glasgow City,,BELLROCK COURT/ SOUTRA PLACE.,264572,665833,0.77,Vacant Land,1996-2000,S01010160,-4.16569068666774,55.86658439127862,1996
Glasgow City,,HILLHEAD ROAD/ STANDBURN ROAD.,262707,669165,0.57,Vacant Land,1991-1995,S01010189,-4.197158644765136,55.89597209677161,1991
Glasgow City,,34/48 DEVON ST/ EGLINTON STREET,258558,663781,0.1,Vacant Land,1996-2000,S01010034,-4.2606406127106515,55.8464339382477,1996
Glasgow City,,28 WILTONBURN ROAD.,252249,659910,0.13,Vacant Land,1996-2000,S01009769,-4.359206374094918,55.809791069503675,1996
Glasgow City,EX GCC DEPOT,"NITSHILL ROAD REAR OF 49, 85 WOODNEUK ROAD",252697,660107,1.06,Derelict,1996-2000,S01009769,-4.352171214941185,55.81169648156714,1996
Glasgow City,,HYDEPARK STREET (EAST SIDE),257762,665209,0.11,Vacant Land,1996-2000,S01010276,-4.274091856652194,55.85902011524239,1996
Glasgow City,,ROBROYSTON RD/ ROYSTON ROAD,263238,667453,0.79,Vacant Land,1996-2000,S01010188,-4.187808519479746,55.880752455138904,1996
Glasgow City,,ROBROYSTON ROAD/ COLINTRAVE  CRES ROYSTON RD,263316,667530,1.54,Vacant Land,1996-2000,S01010188,-4.186601537970085,55.88146592963978,1996
Glasgow City,,FLEURS AVENUE,256082,663812,0.94,Derelict,2001-2004,S01009871,-4.300167475434073,55.84597963784886,2001
Glasgow City,,GREENSIDE CRES.,263178,667165,0.78,Vacant Land,2001-2004,S01010181,-4.188621316685288,55.87814966333555,2001
Glasgow City,,SKERRYVORE ROAD.,264969,665708,2.1,Vacant Land,2001-2004,S01010165,-4.159289463791568,55.8655735046261,2001
Glasgow City,,LAMLASH CRESCENT LONGSTONE ROAD,264764,665884,1.21,Vacant Land,2001-2004,S01010161,-4.162650472679928,55.867096221684896,2001
Glasgow City,,WEST OF 104 WOODVILLE STREET,255777,664856,0.15,Derelict,2001-2004,S01009862,-4.305589518202841,55.855261148796984,2001
Glasgow City,,EASTERHOUSE ROAD ABERDALGIE ROAD BALDINNIE RD.,268070,665367,2.24,Vacant Land,2001-2004,S01010112,-4.109609456746355,55.863370821154504,2001
Glasgow City,,SKERRAY STREET/ CATHAY STREET,259321,669885,0.79,Vacant Land,2001-2004,S01010344,-4.251635583852074,55.90145841730833,2001
Glasgow City,,BANKBRAE AVENUE/ GLENLORA DRIVE,252339,660883,0.52,Vacant Land,2001-2004,S01009784,-4.358300116852757,55.8185535457035,2001
Glasgow City,,KINCLAVEN AVENUE BLACKCRAIG AVE LINKWOOD DR.,252475,671354,1.56,Vacant Land,2001-2004,S01010493,-4.361832209100662,55.91259594844156,2001
Glasgow City,,SOUTH OF 79 ELLESMERE STREET APPLECROSS ST,258741,667242,0.49,Vacant Land,1981-1985,S01010313,-4.259524235525596,55.87756007022929,1981
Glasgow City,,BARNKIRK AVENUE/ BLACKCRAIG AVE/ KINFAUNS DR.,252385,671467,1.32,Vacant Land,2001-2004,S01010496,-4.363332487313091,55.913582757384106,2001
Glasgow City,,INVERCANNY DRIVE INVERCANNY PLACE,252018,671708,0.46,Vacant Land,2001-2004,S01010496,-4.36933066393164,55.915633477900606,2001
Glasgow City,,BARNKIRK AVENUE/ BLACKCRAIG AVE.,252322,671377,1.24,Vacant Land,2001-2004,S01010496,-4.364290290827974,55.91275547646431,2001
Glasgow City,DALSETTER,GARSCADDEN ROAD.,252058,670806,1.02,Vacant Land,2001-2004,S01010489,-4.368197378046547,55.90754841633559,2001
Glasgow City,,CARBETH STREET/ BARDOWIE STREET.,258953,667879,0.14,Derelict,1981-1985,S01010311,-4.256470379442635,55.883341109965734,1981
Glasgow City,,CENTRE STREET/ TRADESTON STREET /COOK STREET,258414,664373,0.72,Vacant Land,2001-2004,S01010032,-4.263247535683618,55.85170658594366,2001
Glasgow City,,BELLROCK STREET WEST OF SOUTRA PLACE,264487,665815,0.16,Vacant Land,2001-2004,S01010160,-4.167038878449849,55.866398880326685,2001
Glasgow City,,WEST OF AVENUE END ROAD/ NORTH OF THE M8,264893,666193,3.22,Vacant Land,2001-2004,S01010169,-4.160744804304959,55.86990676192154,2001
Glasgow City,,NEWHAVEN ROAD/ LAMLASH CRESCENT,264883,665821,0.93,Vacant Land,2001-2004,S01010165,-4.160718948315078,55.86656396428886,2001
Glasgow City,SITE 4,FULLARTON DRIVE/ CLYDESMILL ROAD,264510,662230,0.74,Derelict,2001-2004,S01010071,-4.164880669195639,55.83421752322021,2001
Glasgow City,,LOCHDOCHART ROAD /TWINLAW STREET,268835,666277,0.87,Vacant Land,2001-2004,S01010109,-4.097835774433893,55.87175041562575,2001
Glasgow City,,KINFAUNS DRIVE/ AIRGOLD DRIVE.,251974,671760,2.83,Vacant Land,2001-2004,S01010496,-4.370062496062708,55.91608674826562,2001
Glasgow City,,2-80  BARRISDALE ROAD,256862,669515,0.59,Vacant Land,2001-2004,S01010353,-4.290734637885094,55.8974115536956,2001
Glasgow City,,ANDERSTON QUAY/ WASHINGTON ST.,258058,664990,0.38,Derelict,2001-2004,S01010272,-4.269252206823477,55.85714123202888,2001
Glasgow City,,LILLYBURN PLACE,251278,672010,1.26,Vacant Land,2001-2004,S01010497,-4.381325697296334,55.91811630261966,2001
Glasgow City,,MELBOURNE STREET ARMOUR STREET SYDNEY STREET,260496,664908,0.29,Derelict,1996-2000,S01010254,-4.230293729758671,55.857116814923,1996
Glasgow City,,BALLATER STREET/ CROWN STREET,259371,664314,0.37,Vacant Land,1981-1985,S01010032,-4.2479432220989795,55.85145698929513,1981
Glasgow City,SUMMERHILL P.S.,DRUMMORE ROAD,252589,671921,1.71,Vacant Land,2001-2004,S01010492,-4.360319477195144,55.91772095371803,2001
Glasgow City,DRUMCHAPEL T.C.,20-40 HECLA SQUARE / HECLA PLACE,251665,671069,0.59,Vacant Land,2001-2004,S01010499,-4.374622482182415,55.909788387751526,2001
Glasgow City,DRUMCHAPEL T.C.,43 - 51 HECLA SQUARE,251706,671021,0.64,Vacant Land,2001-2004,S01010499,-4.37394086021975,55.909370127145685,2001
Glasgow City,BROADHOLM P.S.,LINKWOOD DRIVE,252404,671194,2.32,Vacant Land,2001-2004,S01010489,-4.362879649766074,55.91113782326118,2001
Glasgow City,,BEHIND THE SHOPS 2-16 ROZELLE AVE,252980,671262,0.24,Vacant Land,2001-2004,S01010495,-4.353710313924341,55.9119246538065,2001
Glasgow City,,KINFAUNS DRIVE/ PEEL GLEN ROAD,252308,671676,0.91,Vacant Land,2001-2004,S01010492,-4.3646775304132515,55.91543534490877,2001
Glasgow City,,BORRON STREET,259325,667072,0.28,Vacant Land,2001-2004,S01010220,-4.250109089225562,55.87620474853787,2001
Glasgow City,,125-187 BOGMOOR ROAD.,253133,665837,1.43,Derelict,2001-2004,S01009833,-4.348320399697038,55.86326964397239,2001
Glasgow City,,BROOMIELAW / MACALPINE STREET BROWN STREET,258221,665020,0.59,Vacant Land,2001-2004,S01010273,-4.266666082734262,55.85745853975188,2001
Glasgow City,,BROOMLOAN ROAD,255554,665078,2.55,Derelict,2001-2004,S01009861,-4.309267050355541,55.857187403626845,2001
Glasgow City,,TWINLAW STREET/ ABBEYCRAIG ROAD.,268992,666206,1.33,Vacant Land,2001-2004,S01010109,-4.095294163513502,55.87115564132356,2001
Glasgow City,COWLAIRS IND EST,WEST OF 19 INVERURIE STREET,259708,667494,0.74,Vacant Land,1980 or earlier,S01010221,-4.244211206903463,55.880105153977475,1980
Glasgow City,,COLVEND STREET/ NORMAN STREET/ REID STREET,260901,663131,0.29,Derelict,2001-2004,S01010046,-4.222917619443382,55.841279728041926,2001
Glasgow City,,395 OLD SHETTLESTON ROAD,264157,664391,0.24,Derelict,2001-2004,S01010147,-4.17159427005921,55.85352068167523,2001
Glasgow City,,CAIRNSMORE ROAD,251578,670844,0.28,Vacant Land,2001-2004,S01010503,-4.375889378161545,55.90774171213233,2001
Glasgow City,,6-58 STIRRAT STREET,256394,668803,0.19,Vacant Land,2001-2004,S01010360,-4.297834431886617,55.89088009105527,2001
Glasgow City,,1-57 BARRISDALE ROAD,256802,669526,0.18,Vacant Land,2001-2004,S01010353,-4.291699160849975,55.89749245981576,2001
Glasgow City,,9 MAYBOLE STREET,251950,660671,0.14,Vacant Land,2001-2004,S01009776,-4.364387307189816,55.816531214291174,2001
Glasgow City,BOWLING GREENS,GLENCONNER PARK ROYSTON ROAD,261183,666509,0.57,Vacant Land and Buildings,2001-2004,S01010225,-4.220147636358441,55.87168914400927,2001
Glasgow City,W.S.SCIENCE PARK,ACRE ROAD/SOUTH OF THE RIVER KELVIN,256168,670406,0.34,Vacant Land,2001-2004,S01010347,-4.302297528624623,55.90520366746939,2001
Glasgow City,W.S.SCIENCE PARK,ACRE ROAD/EAST OF LAW HOUSE (TODD CAMPUS),256013,670426,0.53,Vacant Land,2001-2004,S01010347,-4.304785293770935,55.90533685930489,2001
Glasgow City,CARDONALD BIS PK,140 FIFTY PITCHES ROAD / M8,253306,664846,0.52,Vacant Land,2005,S01009836,-4.345022427089828,55.854425779783526,2005
Glasgow City,M8 FOODPARK,KEPPOCHILL DRIVE,259781,667052,0.23,Vacant Land,2005,S01010221,-4.242816359212789,55.87615815279085,2005
Glasgow City,,EAGLE STREET/ BORRON STREET,259143,667019,0.42,Vacant Land,2005,S01010220,-4.252988063819701,55.875675730399,2005
Glasgow City,,32 BALMORE ROAD.,259052,667993,0.19,Derelict,1981-1985,S01010326,-4.254948428667434,55.88439357654522,1981
Glasgow City,,26-36 COTTAR STREET,257053,669267,0.18,Vacant Land,2005,S01010356,-4.287551689164081,55.895241859472925,2005
Glasgow City,TEMPLE GAS WORKS,N OF DORCHESTER AVE/ S OF FORTH & CLYDE CANAL,255330,669042,3.81,Derelict,2005,S01010468,-4.3149600544812925,55.89270714837994,2005
Glasgow City,,LEDAIG STREET/ BALURE STREET,262485,665284,0.21,Vacant Land,2005,S01010246,-4.198734622714049,55.861064213521416,2005
Glasgow City,,KILDERMORIE ROAD M8/ WESTERHOUSE ROAD,266941,665710,0.45,Vacant Land,2005,S01010119,-4.127803639919816,55.86614007630648,2005
Glasgow City,ST BENEDICT'S,WESTERHOUSE ROAD,267395,666097,1.12,Vacant Land,2005,S01010117,-4.1207439261141605,55.86974000149189,2005
Glasgow City,,ABBEYCRAIG ROAD LOCHDOCHART ROAD,268905,666168,0.38,Vacant Land,2005,S01010109,-4.096665126385053,55.87079077682367,2005
Glasgow City,,183-187 GLENLORA DRIVE,252240,660972,0.9,Vacant Land,2005,S01009784,-4.359927079566344,55.81932223393191,2005
Glasgow City,,REAR OF 593 WOODNEUK ROAD,252659,659994,0.11,Derelict,2005,S01009769,-4.352715797054612,55.810670444284945,2005
Glasgow City,HENRY BOOT YARD,NASMYTH ROAD NORTH / AINSLIE ROAD,252625,665160,1,Derelict,2005,S01009833,-4.356061820360273,55.8570369448253,2005
Glasgow City,,CHURCH STREET,268083,663934,0.1,Vacant Land,2010,S01010090,-4.10870457200466,55.850507766781284,2010
Glasgow City,M.VERNON STADIUM,DALDOWIE ROAD BOGHALL ROAD,267159,662987,1.38,Derelict,2005,S01010091,-4.122988697955026,55.841751189520764,2005
Glasgow City,,"WEST OF GREENLAW ROAD,TO G.D.C. BOUNDARY.",250727,668832,6.29,Derelict,1980 or earlier,S01010441,-4.388378952321109,55.88941669364082,1980
Glasgow City,CITY WHARF,51-55 CHEAPSIDE ST/ PICCADILLY STREET,257958,665029,0.64,Vacant Land,2006,S01010277,-4.270868840689489,55.85746190916304,2006
Glasgow City,CITY WHARF,CHEAPSIDE STREET WARROCH STREET,257908,665074,0.73,Vacant Land,2006,S01010277,-4.2716905328225,55.85785117404451,2006
Glasgow City,,2-14  BIRNIE COURT,262177,667555,0.24,Vacant Land,2006,S01010202,-4.204807208774956,55.88136574913326,2006
Glasgow City,,3-21 BIRNIE COURT,262185,667517,0.46,Derelict,2007,S01010202,-4.20466008058671,55.88102686726286,2007
Glasgow City,,21 BLAIRTUMMOCK ROAD,265344,665959,0.6,Derelict,2006,S01010129,-4.1534266972898335,55.86793205929628,2006
Glasgow City,,BOGMOOR ROAD,253058,665878,0.27,Vacant Land,2006,S01009833,-4.34953990217403,55.86361485175896,2006
Glasgow City,,5-17 LILLYBURN PLACE,251386,672017,0.72,Vacant Land,2006,S01010497,-4.379603081650368,55.9182125266862,2006
Glasgow City,,PRESTWICK STREET / LEVERN BRIDGE ROAD,252065,660908,0.47,Derelict,2006,S01009797,-4.3626827027448325,55.8186940876895,2006
Glasgow City,RAILWAY SOLUM,DALDOWIE ROAD,267043,662940,0.83,Derelict,1980 or earlier,S01010091,-4.124816711506771,55.84129722233889,1980
Glasgow City,,SOUTH OF 55 DALNESS STREET,263988,663396,0.11,Derelict,2006,S01010062,-4.173792827872274,55.84453949444552,2006
Glasgow City,FORMER PITCHES,DALSWINTON PATH AUCHENCROW ST/ LOCHEND H.S.,268546,665746,3.77,Vacant Land,2006,S01010106,-4.102193355828648,55.86690388565448,2006
Glasgow City,,22-24 TWINLAW STREET,269121,666175,0.13,Vacant Land,2006,S01010109,-4.093219100837044,55.870912362101734,2006
Glasgow City,,12-24 KILMUIR DRIVE / 49-55 KILMUIR CRES,254254,659529,0.97,Vacant Land,2006,S01009760,-4.327038609033202,55.80697995077341,2006
Glasgow City,,LOCHAR CRESCENT/ WHITE CART WATER,253636,662663,0.59,Vacant Land,2006,S01009799,-4.338578017506593,55.83492839441913,2006
Glasgow City,,32-40 WHITRIGGS ROAD,251844,659929,0.5,Vacant Land,2006,S01009768,-4.365673058592905,55.80983754973455,2006
Glasgow City,MUS.RESOURCE CTR,WOODHEAD ROAD,251874,660074,0.88,Vacant Land,2006,S01009768,-4.365273798239132,55.81114846075576,2006
Glasgow City,,6-86 NIVEN ST / BURNHOUSE STREET,256382,668852,0.34,Vacant Land,2006,S01010360,-4.298052151268992,55.891316413924365,2006
Glasgow City,,7-73 COLLINA ST/ 114-186 BURNHOUSE ST,256449,668898,1.13,Vacant Land,2006,S01010360,-4.297006186624381,55.891749367503245,2006
Glasgow City,CAMBUSLANG I.PRK,SOUTH OF CAMBUSLANG ROAD,263768,661752,1.29,Vacant Land,2006,S01010071,-4.176478454547861,55.829716859587315,2006
Glasgow City,,FIRHILL ROAD / FIRHILL COURT,258057,667827,0.26,Derelict,2006,S01010314,-4.270754717735861,55.882610987588045,2006
Glasgow City,,25-57 DRUMMORE ROAD,252713,671942,1.51,Vacant Land,2007,S01010497,-4.358348678732976,55.91794746492843,2007
Glasgow City,,BANKGLEN ROAD DRUMMORE ROAD,252832,671797,0.13,Vacant Land,2007,S01010494,-4.356367335449523,55.91668220059143,2007
Glasgow City,,EAST OF 76 HAMILTON ROAD,265207,662787,0.35,Derelict,2007,S01010074,-4.154037431756259,55.83941384373643,2007
Glasgow City,ST MODANS PRIMRY,BELLROCK CRES/ FASTNET STREET/ CLOCH STREET,264407,665876,1.52,Derelict,2007,S01010160,-4.168346759718435,55.866924058079036,2007
Glasgow City,SCOTBEEF,PENSTON ROAD,265887,665990,1,Vacant Land,2007,S01010129,-4.144771546037468,55.868361853055866,2007
Glasgow City,RUGBY PITCH,REAR  1545-1557 CUMBERNAULD ROAD,264233,667745,1.38,Vacant Land,2007,S01010188,-4.172062120352776,55.883655692039085,2007
Glasgow City,,350-354 PROVANMILL ROAD,262869,667178,0.11,Derelict,2007,S01010180,-4.193563084995457,55.87817849831439,2007
Glasgow City,,AUCHINGILL ROAD CALCOTS PATH LIFF PLACE,268392,666219,1.32,Vacant Land,2007,S01010111,-4.104882200418216,55.87110881697682,2007
Glasgow City,,BETWEEN 286-288 RYEHILL ROAD,262442,668133,0.1,Vacant Land,2007,S01010200,-4.200868224881821,55.88663092730926,2007
Glasgow City,,BRIGHTON STREET/ BRITON STREET/ IONA STREET,255703,665019,0.49,Vacant Land,2007,S01009861,-4.306857368107142,55.85670235257,2007
Glasgow City,BT DEPOT,LANCEFIELD QUAY/ LANCEFIELD ST / ELLIOT STREET,257538,665110,1.45,Vacant Land and Buildings,2007,S01010276,-4.277615475345369,55.85806515827043,2007
Glasgow City,,131 GROVEPARK STREET,258148,667026,0.13,Derelict,2007,S01010301,-4.268881536063359,55.87544658161412,2007
Glasgow City,MUIRHOUSE WORKS,57 MAXWELL ROAD,258195,663391,1.02,Derelict,2007,S01009881,-4.266229417877684,55.84282595593813,2007
Glasgow City,,91-97 FORDNEUK STREET,261177,664211,0.63,Derelict,2007,S01010055,-4.219066397748906,55.85105566510429,2007
Glasgow City,,CLARENCE DRIVE/ CROW ROAD.,255166,667153,0.13,Derelict,2007,S01010398,-4.316569271297061,55.875699346673365,2007
Glasgow City,,694 DUKE STREET/ SOUTH OF THE RAILWAY LINE.,261997,664745,2.2,Derelict,2007,S01010245,-4.2062508125298095,55.85608545965768,2007
Glasgow City,,1629-1647 MARYHILL ROAD,256602,668929,0.41,Vacant Land,2007,S01010356,-4.2945783011427014,55.8920732736718,2007
Glasgow City,,BROOMLOAN ROAD/ HINSHELWOOD DRIVE,255394,664500,0.64,Vacant Land,2007,S01009864,-4.311512660549384,55.851950393794986,2007
Glasgow City,B.A.E. SHIPYARD,EAST OF HOLMFAULD ROAD LINTHOUSE,254334,666171,9.22,Derelict,2007,S01009847,-4.3293273857799806,55.86663262568094,2007
Glasgow City,ST MARNOCK ANNEX,LANGTON ROAD,253411,662294,0.13,Vacant Land,2008,S01009799,-4.341968031753999,55.831547415477246,2008
Glasgow City,,2-64 LYNDALE RD,256779,669552,0.2,Derelict,2008,S01010353,-4.2920804327069675,55.897719034577484,2008
Glasgow City,,831-1201 KILMUN STREET,256558,669529,0.92,Derelict,2008,S01010353,-4.295599456365386,55.89744673420605,2008
Glasgow City,,84 - 214 KILMUN STREET,256673,669427,3.74,Derelict,2008,S01010353,-4.2937078934489135,55.89656527682169,2008
Glasgow City,,KNOWETAP STREET/ SOUTH OF RAILWAY,257028,669551,6.18,Vacant Land,2008,S01010352,-4.28810126772297,55.89778408959665,2008
Glasgow City,,PARKSIDE GARDENS,258396,668558,0.1,Derelict,2008,S01010327,-4.265722549066651,55.88927357487355,2008
Glasgow City,EASTHALL P.S.,WELLHOUSE ROAD / GLENBURNIE PLACE / WARE ROAD,266883,665376,0.96,Derelict,2009,S01010119,-4.128565651691698,55.863125179640534,2009
Glasgow City,F'MER STV STUDIO,200 RENFIELD ST RENFREW STREET HOPE STREET,258941,665929,0.2,Vacant Land,2008,S01010275,-4.255646335232839,55.8658307093215,2008
Glasgow City,FM'R SOCIAL CLUB,GARTOCHER ROAD/ GARTOCHER TERR.,265272,664394,0.35,Vacant Land,2008,S01010136,-4.1537984106829375,55.85386053756224,2008
Glasgow City,,14 GARTOCHER TERRACE,265446,664441,0.3,Vacant Land,2008,S01010136,-4.151044356297009,55.854331130028044,2008
Glasgow City,COMMONHEAD & ST,COLLETTES  P. S. DUNGEONHILL RD / COMMONHEAD RD,268808,665619,2.07,Vacant Land,2009,S01010108,-4.097948284584706,55.8658349857244,2009
Glasgow City,BISHOP LOCH P.S.,LOCHEND ROAD/ AUCHINGILL ROAD/ SKELBO PLACE,268621,666407,2.04,Vacant Land,2009,S01010111,-4.101316376314627,55.872859344078606,2009
Glasgow City,WELLHOUSE P.S.,2-4 BALADO ROAD BARTIEBEITH ROAD,266243,665367,1.6,Vacant Land,2009,S01010129,-4.138779378955484,55.8628671481236,2009
Glasgow City,BLAIRTUMMOCK P.S,ABERDALGIE ROAD/ BALDINNIE ROAD,267792,665556,1.63,Vacant Land,2009,S01010112,-4.114140286028263,55.86499161173463,2009
Glasgow City,RUCHAZIE P.S.,GARTLOCH ROAD/ DRUMLOCHY ROAD/ ELIBANK ST,264367,666349,1.89,Vacant Land,2008,S01010178,-4.169222271653127,55.87115959485984,2008
Glasgow City,ST AMBROSE'S P.S,MINGULAY STREET MINGULAY PLACE,260089,669595,1.56,Vacant Land,2009,S01010339,-4.239212472382756,55.89907871835911,2009
Glasgow City,FORMER NURSERY,WESTERHOUSE ROAD DUBTON STREET,267881,665960,0.26,Vacant Land,2008,S01010110,-4.112916248717121,55.86864344239595,2008
Glasgow City,COUNCIL OFFICES,OVERTOWN AVENUE,252526,660965,0.2,Vacant Land,2008,S01009784,-4.355362851643897,55.819346852709806,2008
Glasgow City,FORMER WAREHOUSE,23 COOK STREET,258411,664245,1.75,Derelict,2008,S01010032,-4.263228591330844,55.850556536193345,2008
Glasgow City,ASHCRAIG S.N. SC,100 AVENUE END ROAD,264771,666919,0.54,Vacant Land,2008,S01010168,-4.163055464798624,55.876390891573315,2008
Glasgow City,CROFTCROIGHN P.S,150 FINDOCHTY STREET,266085,666452,1.21,Vacant Land,2008,S01010171,-4.141838298738102,55.87256503588541,2008
Glasgow City,,MONACH ROAD/ STEPPS ROAD,265191,665470,0.2,Vacant Land,2008,S01010162,-4.1556264496004305,55.86349878181689,2008
Glasgow City,ST PHILIP'S P.S.,DRUMLOCHY ROAD BOGHALL STREET GARTLOCH ROAD,264554,666411,2.79,Vacant Land,2008,S01010177,-4.166267096747563,55.871768871699054,2008
Glasgow City,EL'BETH S'TON PS,15-23 TOWARD ROAD,265051,665516,0.63,Vacant Land,2008,S01010165,-4.157884573892481,55.86387260595921,2008
Glasgow City,,EDINBURGH ROAD/ BARLANARK ROAD.,266497,664968,0.27,Vacant Land,2008,S01010130,-4.134527520725078,55.8593551076348,2008
Glasgow City,,12-40 BOGHALL ST / 53- 59 BLAIRLOGIE ST,264716,666440,0.61,Vacant Land,2008,S01010169,-4.163694579221155,55.87207476898268,2008
Glasgow City,,EAST OF 62 EDINBURGH ROAD,262544,665391,0.12,Vacant Land,2008,S01010152,-4.197846990562416,55.86204171958609,2008
Glasgow City,HAGHILL P.S.,MARWICK STREET/ WALTER STREET / AITKEN STREET,261982,665390,0.56,Vacant Land and Buildings,2008,S01010241,-4.206818656241051,55.86187211384019,2008
Glasgow City,B'D JOHN OGILVIE,97 WELLHOUSE CRESCENT,266615,665324,0.69,Vacant Land,2008,S01010118,-4.132818929217394,55.86258418055804,2008
Glasgow City,GARTLOCH HOSP 5,GARTLOCH ROAD,268361,666952,2.95,Vacant Land,2008,S01010109,-4.10573358752295,55.877681799554836,2008
Glasgow City,,BALDRAGON ROAD,267877,666244,0.35,Vacant Land,2008,S01010111,-4.113118650890908,55.871192311287395,2008
Glasgow City,,BONHILL STREET,258773,667361,0.94,Derelict,2008,S01010309,-4.259075251749816,55.8786378204628,2008
Glasgow City,,APPLEBY STREET/ CALDARVAN STREET BONHILL ST,258710,667444,0.52,Vacant Land,2008,S01010309,-4.260124736962093,55.87936450514743,2008
Glasgow City,,42644 COMELYPARK STREET,261067,664665,0.64,Vacant Land,2008,S01010255,-4.221054607479162,55.85510005277218,2008
Glasgow City,,12-30 CARRICK STREET/BROWN STREET,258287,665014,0.31,Vacant Land,2008,S01010273,-4.265609441985207,55.857424081503176,2008
Glasgow City,,KINTRA STREET/ COLUMBA STREET/ IONA STREET,255642,665046,0.5,Vacant Land,2008,S01009861,-4.30784539036282,55.85692648326871,2008
Glasgow City,,CLYNDER STREET/ COLUMBA STREET/ BRITON STREET,255764,664993,0.49,Vacant Land,2008,S01009861,-4.305869889041087,55.856487191436415,2008
Glasgow City,,45-87 BRIGHTON STREET,255674,664952,0.47,Vacant Land,2008,S01009861,-4.307284583791737,55.85609217148453,2008
Glasgow City,BROOMLOAN SCHOOL,BROOMLOAN ROAD/ NEPTUNE STREET.,255582,665295,0.61,Derelict,2008,S01009859,-4.308935725433817,55.85914392932333,2008
Glasgow City,,KILBIRNIE STREET,258126,663822,0.64,Vacant Land,2008,S01010032,-4.267555764118605,55.84667512192227,2008
Glasgow City,ST MARGARET MARY,44 DOWNCRAIG ROAD,259363,658495,1.88,Vacant Land,2008,S01009971,-4.245058337620208,55.799211548622196,2008
Glasgow City,,MOIR STREET,259781,664778,0.54,Vacant Land,2008,S01010039,-4.241639562527849,55.85574220694816,2008
Glasgow City,,171 CASTLEBAY STREET,259420,670016,0.29,Derelict,2008,S01010336,-4.250121644552144,55.902663452334906,2008
Glasgow City,,23 KILFINNAN STREET,258673,669271,0.12,Derelict,2008,S01010331,-4.261669911550134,55.89575616247358,2008
Glasgow City,DRUMRY P.S.,DRUMRY ROAD EAST DUNKENNY ROAD / ABBOTSHALL AV,251498,671007,1.93,Derelict,2008,S01010500,-4.377257474335311,55.90918028929943,2008
Glasgow City,,KINFAUNS DRIVE / 136-141 SUMMERHILL RD,253070,671618,1.01,Vacant Land,2008,S01010494,-4.3524654113402335,55.91514804398954,2008
Glasgow City,PINEWOOD P.S.,505 KINFAUNS DRIVE,253200,671532,1.17,Vacant Land,2008,S01010494,-4.350340635484138,55.91441569578364,2008
Glasgow City,,DUNKENNY ROAD HECLA PLACE,251573,671120,0.23,Vacant Land,2008,S01010499,-4.376120879378913,55.91021784352376,2008
Glasgow City,,237 SOUTH STREET,254277,666574,0.67,Derelict,2008,S01010391,-4.3304541673928885,55.87023329673737,2008
Glasgow City,,SARACEN STREET/ HAWTHORN STREET,259061,668195,0.46,Derelict,2008,S01010326,-4.254909868376954,55.88620974312367,2008
Glasgow City,,124-142 SHAWBRIDGE ST / BENGAL STREET,256120,661421,1.71,Derelict,2008,S01009935,-4.298293952243059,55.82452534204462,2008
Glasgow City,,2121 LONDON ROAD,263898,662842,1.22,Derelict,2008,S01010071,-4.174951169884807,55.839540051058385,2008
Glasgow City,,1-17 BEATTOCK ST 40 SORBY STREET,262775,664147,0.17,Vacant Land,2008,S01010049,-4.193529447839575,55.850938552584076,2008
Glasgow City,ST SAVIOUR C'RCH,39 MERRYLAND ST/ 36 SUMMERTOWN RD,255915,665104,0.14,Vacant Land,2008,S01009861,-4.3035187140087485,55.85752886639438,2008
Glasgow City,,240-246 CLYDE STREET,258983,664815,0.1,Vacant Land,2008,S01010274,-4.254396188443876,55.85584160056889,2008
Glasgow City,ROBROYSTON FARM,ROBROYSTON ROAD.,263322,669361,0.52,Vacant Land,2008,S01010188,-4.187430730082153,55.89790687939907,2008
Glasgow City,RODGERFIELD P.S.,CORSEHILL STREET DALSWINTON ST.,268398,665644,0.81,Vacant Land,2009,S01010106,-4.104507041095717,55.86594764409569,2009
Glasgow City,LOCHGOIN P.S.,12 LOCHGOIN AVENUE,251603,671805,1.5,Vacant Land,2009,S01010498,-4.376017665015418,55.91637639424043,2009
Glasgow City,,15-45 NORTHMUIR ROAD,252817,671634,0.53,Vacant Land,2009,S01010494,-4.3565183002269885,55.91521432774583,2009
Glasgow City,,46-62 GLENKIRK DRIVE,252625,670863,0.57,Vacant Land,2009,S01010489,-4.3591668458030846,55.908234129113275,2009
Glasgow City,,122 GLENKIRK DRIVE,253056,670942,0.13,Vacant Land,2009,S01010490,-4.3523215390488765,55.90907516169726,2009
Glasgow City,LAMLASH NUR.SCH.,5 LAMLASH CRES./ BELLROCK STREET,264660,665806,0.49,Vacant Land,2009,S01010161,-4.164272101355719,55.86636669965082,2009
Glasgow City,,64-66 YOKER FERRY ROAD,251174,668584,0.21,Derelict,2009,S01010441,-4.381102179693493,55.88732876056978,2009
Glasgow City,,102 -120 CALDARVAN STREET,258611,667518,0.41,Vacant Land,2009,S01010309,-4.261744535663748,55.87999981222577,2009
Glasgow City,,103-121 CALDARVAN STREET,258608,667458,0.69,Vacant Land,2010,S01010309,-4.261761113318881,55.879460260609655,2010
Glasgow City,FMR YOUTH CENTRE,ESSENSIDE AVE/ DRUMCHAPEL ROAD,252956,670673,0.42,Vacant Land,2009,S01010488,-4.353773415531124,55.906629734493194,2009
Glasgow City,,6 TRONDRA PLACE 55 WARE ROAD,266874,665614,0.3,Vacant Land,2009,S01010119,-4.128826274267753,55.865259616798596,2009
Glasgow City,,CANMORE STREET,262868,663830,0.1,Derelict,2009,S01010060,-4.191884864851007,55.84811888802536,2009
Glasgow City,F'MER POSSIL SCH,426 BALMORE ROAD,258823,668770,0.11,Derelict,2009,S01010331,-4.259011722182426,55.89130228329015,2009
Glasgow City,,148-160 WISHART STREET,260530,665774,0.16,Vacant Land,2009,S01010262,-4.2301966321410935,55.8649016634454,2009
Glasgow City,,HALLGREEN AVENUE / ABBOTSHALL AVE,251092,671078,1.07,Vacant Land,2009,S01010500,-4.383785331285696,55.90969216741081,2009
Glasgow City,,WESTERHOUSE ROAD ERROGIE STREET,267938,665880,0.95,Vacant Land,2009,S01010110,-4.1119670490651075,55.86794076966936,2009
Glasgow City,FORMER HOSTEL,22 KYLE STREET 92 DOBIES LOAN,259503,666064,0.64,Vacant Land,2009,S01010261,-4.246743550904596,55.86720692799379,2009
Glasgow City,UNIT 9,EAGLE STREET,259178,666975,0.18,Derelict,2009,S01010220,-4.252406238973139,55.87529093608623,2009
Glasgow City,,CEDAR STREET,258356,666910,0.14,Derelict,2009,S01010303,-4.265499192908501,55.874466362616374,2009
Glasgow City,,1 SHANDWICK STREET,267219,665933,0.29,Vacant Land and Buildings,2009,S01010122,-4.1234740375742716,55.868219018452905,2009
Glasgow City,,COLLEGE LANE/ HIGH STREET/ NICHOLAS ST.,259811,665230,0.37,Vacant Land,1981-1985,S01010257,-4.2413944495117235,55.85980899160413,1981
Glasgow City,,NORTHINCH STREET CURLE STREET,253942,666842,0.64,Derelict,2009,S01010423,-4.335947503745007,55.872537798063966,2009
Glasgow City,,90 MAIN STREET BAILLIESTON,267933,663837,0.23,Vacant Land,2010,S01010090,-4.111051485694768,55.84959575547181,2010
Glasgow City,,EAST OF 100 RHINDMUIR ROAD,268806,664477,0.13,Vacant Land,2010,S01010100,-4.097427412657751,55.85558058870462,2010
Glasgow City,,REAR OF 60 TO 82 MAIN STREET,267882,663851,0.27,Derelict,2010,S01010089,-4.111872296489514,55.84970748514518,2010
Glasgow City,,PLAYFAIR STREET/ POPLIN STREET,261203,663305,0.1,Vacant Land,2010,S01010053,-4.218187885146712,55.84292893651095,2010
Glasgow City,,BROOMLOAN COURT,255302,664375,1.72,Derelict,2010,S01009864,-4.312914235956557,55.85080059454976,2010
Glasgow City,,310 -326 PAISLEY ROAD,257764,664644,0.14,Vacant Land,2010,S01010031,-4.27376351960535,55.85394824480304,2010
Glasgow City,,340 BOGMOOR ROAD,252876,665403,0.42,Derelict,2010,S01009833,-4.352187473399949,55.85929510485544,2010
Glasgow City,GOLFHILL P.S.,FIRPARK STREET HANSON STREET CIRCUS DRIVE,260721,665551,1.44,Vacant Land and Buildings,2010,S01010235,-4.2270325761875585,55.86295479558176,2010
Glasgow City,ST JAMES'S P.S.,STEVENSON STREET GREEN STREET,260297,664428,0.8,Vacant Land and Buildings,2010,S01010038,-4.233222934186505,55.852749710153965,2010
Glasgow City,OUR LADY P.S.,WHITWORTH DRIVE BILSLAND DRIVE,258176,668561,0.82,Derelict,2010,S01010326,-4.269238668135533,55.889235749687465,2010
Glasgow City,TEMPLE P.S.,SPENCER STREET FULTON STREET,254708,669284,0.25,Derelict,2010,S01010473,-4.325027121000976,55.894692356864134,2010
Glasgow City,,70 - 94 CALDARVAN STREET,258742,667522,0.31,Vacant Land,2010,S01010309,-4.259654356476826,55.88007416505339,2010
Glasgow City,JOAN OF ARC P.S.,722 BALMORE ROAD,258532,669356,0.87,Derelict,2010,S01010334,-4.263967263481717,55.89647785453989,2010
Glasgow City,ST AUGUSTINE'S,256 LIDDESDALE ROAD,259271,669340,1.1,Vacant Land,2010,S01010332,-4.2521509490894145,55.8965508540213,2010
Glasgow City,,16-106  ALTYRE STREET,263963,663439,0.62,Vacant Land,2011,S01010063,-4.174213335628575,55.84491851495621,2011
Glasgow City,KENNISHOLM AVENUE,KENNISHOLM PATH KENNISHOLM PLACE KE'SHEAD PATH,254131,660088,1.4,Vacant Land,2010,S01009759,-4.329299184062858,55.811961252351644,2010
Glasgow City,,OFF RIGBY STREET SOUTH OF THE RAILWAY LINE,263021,664515,0.25,Derelict,2011,S01010148,-4.189789094036655,55.85431253461882,2011
Glasgow City,,35 BAIRD BRAE,258591,667060,0.46,Derelict,2011,S01010297,-4.261824759463693,55.875882085203486,2011
Glasgow City,,8 HALGREEN ROAD,251488,671228,0.22,Vacant Land,2011,S01010500,-4.377538759017481,55.91116113454706,2011
Glasgow City,,EASTERHILL ST / FULLARTON AVENUE,264328,662810,0.11,Derelict,2011,S01010069,-4.168074140894326,55.839373889853135,2011
Glasgow City,,STRACHUR STREET,258367,669358,0.2,Derelict,2011,S01010334,-4.2666047137607,55.89644728410801,2011
Glasgow City,,ARNISDALE ROAD/ SHANDWICK STREET GRUDIE STREET,267260,665808,1.08,Vacant Land,2011,S01010122,-4.122758096585575,55.86710797908131,2011
Glasgow City,,KILDERMORIE ROAD SWORDALE PLACE DALCHARN PL.,267138,665566,1.26,Vacant Land,2011,S01010122,-4.124587478690846,55.86490150815706,2011
Glasgow City,,ARNISDALE ROAD/ SEILGA PLACE/ GRUDIE STREET,267112,665816,1.2,Vacant Land,2011,S01010122,-4.125125233232155,55.867139010479995,2011
Glasgow City,,2 TRONDRA PATH,266820,665620,0.15,Derelict,2011,S01010119,-4.129691433048681,55.86529856605707,2011
Glasgow City,F'R ENG  COLLEGE,198 FLEMINGTON STREET/ RINGFORD ST.,260680,667370,0.77,Derelict,2011,S01010208,-4.228622745862999,55.879274047976274,2011
Glasgow City,,BALVENY STREET ADJ TO CHURCH,265896,666635,0.18,Vacant Land,2011,S01010171,-4.144947189182928,55.874155533375806,2011
Glasgow City,,REAR OF 590 DALMARNOCK ROAD/ DAVIDSON ST,261428,663018,0.14,Derelict,2011,S01010046,-4.214451052909972,55.840416899188725,2011
Glasgow City,,SOLWAY STREET,260992,662967,0.32,Vacant Land,2011,S01010046,-4.221381616692008,55.83983354809729,2011
Glasgow City,,DINDUFF STREET MYROCH PLACE STOBS PLACE,268374,666322,1.46,Vacant Land,2011,S01010111,-4.105219708786539,55.8720287149616,2011
Glasgow City,,LOCHEND ROAD SKELBO PLACE SKELBO PATH,268534,666293,1.38,Vacant Land,2011,S01010111,-4.102650448568737,55.87181202301769,2011
Glasgow City,,COLFIN STREET,268217,666204,0.19,Vacant Land,2011,S01010111,-4.107669560111436,55.8709262928982,2011
Glasgow City,DERELICT FACTORY,SHUNA PLACE,257313,668481,0.33,Derelict,2011,S01010321,-4.282982957444521,55.888262535060825,2011
Glasgow City,COUNCIL DEPOT,3 HECLA PLACE,251687,671130,0.16,Vacant Land,2011,S01010499,-4.374304349237391,55.91034277294904,2011
Glasgow City,,CLYDE PLACE/ RIVERVIEW GARDENS,258351,664778,0.16,Vacant Land,2012,S01010031,-4.264464562469057,55.855324117474304,2012
Glasgow City,CO-OP SITE,MORRISON STREET PAISLEY ROAD,258132,664633,0.13,Vacant Land,2012,S01010036,-4.267884221368303,55.85395792706891,2012
Glasgow City,GLEN DOUGLAS,529 BALMORE ROAD ASHGILL,258718,668981,0.17,Derelict,2012,S01010333,-4.260799418845963,55.89316580234363,2012
Glasgow City,SIR JOHN MAXWELL PS,30 BENGAL STREET,256190,661475,0.36,Derelict,2012,S01009935,-4.297206153172362,55.825031002230325,2012
Glasgow City,,8 ARDMALEISH ROAD,260115,658900,0.33,Derelict,2013,S01009977,-4.233280678854069,55.80306604983297,2013
Glasgow City,,WELL GREEN GREENVIEW STREET,256301,661611,0.1,Vacant Land,2013,S01009935,-4.295507802795892,55.826285035887416,2013
Glasgow City,,60 MAXWELL ROAD,258292,663528,1.93,Vacant Land,2013,S01009881,-4.264753214244663,55.844084437587135,2013
Glasgow City,,8-10 SINCLAIR DRIVE,258034,661584,0.12,Vacant Land,2013,S01009904,-4.267853468576826,55.82655557245776,2013
Glasgow City,WESTERCOMMON PS,ELLESMERE STREET,258423,667708,1.71,Vacant Land,2013,S01010313,-4.264846538131724,55.881650369550435,2013
Glasgow City,PORT DUNDAS DISTILLERY,76-80 NORTH CANAL BANK STREET,259143,666702,7.05,Derelict,2013,S01010220,-4.252823184008163,55.87282973274215,2013
Glasgow City,,ELLESMERE STREET/ DENHAM STREET/ AUCKLAND STREET,258599,667339,0.76,Vacant Land,2013,S01010309,-4.261842702559939,55.87838925434392,2013
Glasgow City,,HAMILTONHILL ROAD/ ELLESMERE STREET,258827,667382,0.65,Vacant Land,2013,S01010310,-4.258223770250683,55.87884218718077,2013
Glasgow City,,SHETTLESTON ROAD RIGBY STREET/,263189,664413,0.66,Vacant Land,2013,S01010056,-4.18705605627741,55.85344445385753,2013
Glasgow City,,SPRINGFIELD ROAD DALMARNOCK ROAD/,261414,663174,1.25,Vacant Land,2013,S01010048,-4.214754099430117,55.841813474684464,2013
Glasgow City,JAMES DUNCAN HOUSE,BELL STREET HUNTER STREET,260148,664876,0.52,Vacant Land,2013,S01010038,-4.235832132522178,55.85672867270454,2013
Glasgow City,SIGHTHILL,16-18 PINKSTON DRIVE,260145,666499,3.72,Derelict,2013,S01010227,-4.236717642420651,55.87129914122594,2013
Glasgow City,RED ROAD,RED ROAD COURT PETERSHILLROAD,261949,667451,5.93,Derelict,2013,S01010207,-4.208395928952303,55.88036671179028,2013
Glasgow City,,91-95 MORRIN STREET,260129,667537,0.14,Derelict,2013,S01010223,-4.237509306401709,55.8806136646404,2013
Glasgow City,SIGHTHILL,3-5 PINKSTON DRIVE,260119,666606,3.1,Derelict,2014,S01010227,-4.237188074657534,55.87225223976788,2014
Glasgow City,,LOCHDOCHART ROAD DALSWINTON ST.,268557,665588,1.33,Derelict,2014,S01010106,-4.101941055520174,55.86548823284907,2014
Glasgow City,WHITEVALE BATHS,WHITEVALE STREET,261333,664630,0.11,Derelict,2014,S01010255,-4.216790882611201,55.85486241028181,2014
Glasgow City,,LONDON ROAD/ ANSON STREET LANDRESSY STREET,260606,664026,0.17,Vacant Land,2014,S01010043,-4.228084472710388,55.84922996155086,2014
Glasgow City,,BARRLAND STREET ALBERT DRIVE,258140,663246,0.72,Vacant Land,2014,S01009882,-4.267031206987731,55.841507989699544,2014
Glasgow City,ROSEVALE P.S.,SCALPAY STREET,259558,669241,0.95,Derelict,2014,S01010332,-4.24751372866788,55.89574587231228,2014
Glasgow City,,WILLOWFORD ROAD WEENSMOOR ROAD,252011,659904,0.19,Derelict,2014,S01009768,-4.3629972069048994,55.809664325646025,2014
Glasgow City,,10/12 DELVIN ROAD,258490,660555,0.14,Vacant Land,2014,S01009964,-4.260044544375004,55.817451206565494,2014
Glasgow City,ST ALOYSIUS PS,12 CARRON CRESCENT,260066,668366,0.84,Derelict,2014,S01010215,-4.238944176220185,55.88803811074471,2014
Glasgow City,,COLVEND STREET/ COLVEND LANE,260898,663034,2.24,Vacant Land,2015,S01010046,-4.222915768330192,55.84040798289173,2015
Glasgow City,,GARSCUBE ROAD/ HOPEHILL ROAD,258303,667293,0.57,Derelict,2015,S01010314,-4.266545977354606,55.87788928167745,2015
Glasgow City,,FIRHILL ROAD / FIRHILL STREET,258147,667632,0.3,Derelict,2015,S01010314,-4.269215006475736,55.880886836858984,2015
Glasgow City,,WHITEVALE  STREET/ BLUEVALE STREET,261417,664756,1.15,Derelict,2015,S01010244,-4.215514504738812,55.85601781594,2015
Glasgow City,NYE BEVAN HOUSE,INDIA STREET/ ELMBANK CRESCENT,258081,665743,0.43,Vacant Land,2015,S01010267,-4.26927934218942,55.8639083108698,2015
Glasgow City,,STANLEY STREET/ MILNPARK STREET,257461,664302,0.7,Derelict,2016,S01009867,-4.278419830758003,55.850788347364386,2016
Glasgow City,,15 LINKWOOD CRESCENT,251996,671240,1.62,Derelict,2016,S01010499,-4.3694259403811895,55.9114254191008,2016
Glasgow City,ARDOCH HOUSE,CARBETH STREET,258891,667824,0.87,Derelict,2016,S01010311,-4.257432025243063,55.88282916282529,2016
Glasgow City,PHASE 8,DELNY PL WELLHOUSE CREST,266282,665218,0.58,Derelict,2017,S01010118,-4.138083194568451,55.861540157794465,2017
Glasgow City,ADJACENT 1212 EDINBURGH ROAD,EDINBURGH ROAD/,265617,665171,4.88,Derelict,2017,S01010126,-4.148676706440949,55.86093318407182,2017
Glasgow City,FORMER CHURCH,TILLYCAIRN DRIVE,265696,666864,0.75,Derelict,2017,S01010115,-4.148254830412052,55.876155895544485,2017
Glasgow City,TALISMAN PUB,149 BALGRAYHILL ROAD,260558,668451,0.26,Derelict,1986-1990,S01010217,-4.2311282323906125,55.888943992242524,1986
Glasgow City,HOWFORD PS,PS CROOKSTON ROAD,252062,662837,0.7,Vacant Land,2017,S01009804,-4.36378112168688,55.836010345257655,2017
Glasgow City,GOWANBANK PS,PS,252453,660926,1.94,Vacant Land and Buildings,2017,S01009784,-4.356505704488692,55.818974428901925,2017
Glasgow City,GARTLOCH HOSPITAL,51 GARTLOCH WAY,268437,667157,0.22,Vacant Land and Buildings,2017,S01010117,-4.1046193261539825,55.87954321882454,2017
Glasgow City,ELMBANK STREET,STRATHCLYDE HOUSE,258186,665770,0.85,Vacant Land and Buildings,2017,S01010267,-4.267617166806595,55.864181623857164,2017
Glasgow City,FORMER CRAIGBANK NURSERY,40 GLENLORA DRIVE,252655,661059,0.24,Vacant Land,2019,S01009784,-4.353356835381755,55.820230117721124,2019
Glasgow City,,BETWEEN 345 NITSHILL RD & 150 CLEEVES QUADRANT,252205,660358,0.15,Derelict,Unknown,S01009778,-4.360151322651193,55.81379944661946,
Glasgow City,300 NITSHILL ROAD,300 NITSHILL ROAD,252109,660448,0.52,Derelict,2019,S01009779,-4.361730833494771,55.81457800860626,2019
Glasgow City,FORMER VICTORIA HOSPITAL CARPARK,PROSPECTHILL ROAD/ GRANGE ROAD,258193,661693,0.28,Derelict,2019,S01009904,-4.265374398771221,55.82758091398415,2019
Glasgow City,FORMER VICTORIA HOSPITAL,LANGSIDE RD/ GRANGE RD,258075,661774,2.77,Derelict,2019,S01009904,-4.267298816546444,55.8282734317275,2019
Glasgow City,KINNING PARK PITCHES,MACLEAN STREET GLASGOW G51 1DP,256946,664652,0.58,Vacant Land,1996-2000,S01009866,-4.286823460512102,55.85377802301823,1996
Glasgow City,,CALEDONIA RD CALEDONIA DR,267657,663321,0.39,Vacant Land,2012,S01010086,-4.115204854788136,55.84488702362155,2012
Glasgow City,,SPRINGFIELD RD CONNAL ST,261546,663194,0.63,Vacant Land,Unknown,S01010048,-4.212658065281512,55.842030951940444,
Glasgow City,,HIGH ST NICHOLAS ST,259872,665277,0.1,Vacant Land,2021,S01010257,-4.240444978097963,55.8602486973896,2021
Glasgow City,TUREEN ST SCHOOL,TUREEN ST MILLROAD ST ELCHO ST,260486,664642,0.35,Vacant Land and Buildings,2001-2004,S01010038,-4.230316477049302,55.85472575242841,2001
Glasgow City,SWANSTON STREET,SWANSTON ST FRENCH STREET,261128,663201,1.98,Derelict,Unknown,S01010046,-4.219331416320161,55.84197361628353,
Glasgow City,CRUSADER AVENUE,7-19 CRUSADER AVENUE,253798,670100,0.13,Vacant Land,Unknown,S01010483,-4.340007062241567,55.90174232362223,
Glasgow City,OLD SAUSAGE FACTORY,OLD SHETTLESTON RD,263507,664442,2.8,Vacant Land,2022,S01010147,-4.181994915866275,55.85379497183974,2022
Glasgow City,,EGILSAY ST SHAPINSAY ST VALLAY ST,259736,669695,2.81,Vacant Land,Unknown,S01010338,-4.244905116560923,55.899873756295605,
Glasgow City,WHITBY STREET,EAST WHITBY ST WEST WHITBY ST,262404,663896,0.55,Derelict,1981-1985,S01010050,-4.199323364398616,55.84857926387843,1981
Glasgow City,OLD CHANGING ROOMS,QUEENS PARK ST GRANGE ROAD,258415,662019,0.1,Derelict,2001-2004,S01009904,-4.262003452183461,55.83057290500361,2001
Glasgow City,FMR BELSYDE AVENUE NURSERY,9-11 BELSYDE AVENUE DRUMCHAPEL,252535,670692,0.21,Derelict,2022,S01010489,-4.360511918324469,55.906671453871844,2022
Glasgow City,FMR THIRLSTANE NURSERY,56 CRAGGAN DRIVE YOKER,251965,668608,1.33,Vacant Land,2017,S01010437,-4.368480458727456,55.88778805492608,2017
Glasgow City,FRM GOVAN LYCEUM,908 GOVAN ROAD GOVAN,255216,665871,0.18,Derelict,2006,S01009847,-4.315085632162432,55.86420518989785,2006
Glasgow City,FRM DRUMRY HOUSE,40 KINFAUNS DRUMCHAPEL,251920,670980,0.69,Vacant Land,2020,S01010499,-4.370498177922336,55.90906798144122,2020
Glasgow City,FRM SHETTLESTON HALL,151 WELLSHOT ROAD,263915,663905,0.14,Derelict,2008,S01010144,-4.175213094408147,55.849088916074244,2008
Glasgow City,FRM TELEPHONE EXCHNAGE,41 WELLSHOT ROAD PETTIGREW STREET/,263989,664167,0.11,Derelict,2022,S01010145,-4.174163463810905,55.85146214417584,2022
Glasgow City,,BRIDGE STREET OXFORD STREET/,258743,664544,0.17,Vacant Land and Buildings,1986-1990,S01010035,-4.258085797998803,55.85333831721589,1986
Glasgow City,FORMER ARDOCH HOUSE,ARDOCH STREET CARBETH STREET,258973,667808,0.55,Vacant Land,2016,S01010311,-4.256113927234811,55.882709538400185,2016
Glasgow City,MILLERSTON ST,MILLERSTON ST GALLOWGATE,261438,664671,0.83,Vacant Land,2018,S01010245,-4.2151358595972654,55.85526070871121,2018
Glasgow City,FORMER SHAWBRIDGE ARCADE,ASHTREE ROAD GREENVIEW STREET,256329,661549,0.46,Vacant Land,2021,S01009935,-4.29502843695926,55.825736754178806,2021
Glasgow City,ASHTREE RD,ASHTREE RD GREENVIEW ST,256376,661505,0.13,Vacant Land and Buildings,2007,S01009935,-4.294255576778272,55.82535572439612,2007
Glasgow City,FORMER PLAYING FIELDS,PETERSHILL DRIVE RED ROAD,261933,667248,2.78,Vacant Land,2017,S01010225,-4.208547953783493,55.87853955568867,2017
Glasgow City,FORMER BROOMKNOWES PRIMARY SCHOOL,RED ROAD RED ROAD COURT,261863,667496,0.73,Derelict,2022,S01010207,-4.209792501360956,55.88074606861751,2022
Glasgow City,FORMER MCVITIES FACTORY,TOLLCROSS ROAD RATTRAY STREET,263291,663403,6.81,Vacant Land and Buildings,2022,S01010059,-4.184918933354743,55.844405248210535,2022
Glasgow City,FORMER STONEDYKE PRIMARY SCHOOL,CLOAN AVENUE,252958,670894,1.68,Derelict,2012,S01010490,-4.353861695523187,55.90861431249082,2012
Glasgow City,APPLEBY STREET,APPLEBY STREET/ CALDARVAN STREET BONHILL ST,258704,667324,0.39,Vacant Land,2008,S01010309,-4.2601579369027265,55.87828540183136,2008
Glasgow City,GREENFIELD SCHOOL,UIST STREET NIMMO DRIVE,254669,665223,0.41,Vacant Land and Buildings,2009,S01009840,-4.323470669715346,55.85822312543068,2009
Glasgow City,CROSSMYLOOF CARE HOME,80 TITWOOD ROAD,257222,662498,0.69,Vacant Land and Buildings,2020,S01009911,-4.281284909349139,55.834521718161305,2020
Glasgow City,FORMER JANITORS HOUSE,NETHAN STREET HARHILL STREET,255125,665547,0.1,Derelict,2011,S01009843,-4.316365195687748,55.86126912110744,2011
Glasgow City,LIGHTBURN ROAD,MYRESIDE ST PENICUIK WAY,262541,664732,1.62,Derelict,2001-2004,S01010148,-4.197560702263298,55.85612418453453,2001
Glasgow City,FORMER BUS DEPOT,TOLLCROSS RD GLAMIS RD,262768,663920,2.73,Derelict,2017,S01010060,-4.193526313342331,55.84889848428439,2017
Glasgow City,CARNTYNE RD,CARNTYNE ROAD TODD ST,262427,664828,2.04,Derelict,1980 or earlier,S01010148,-4.199429126526601,55.8569535742833,1980
Glasgow City,FORMER SOCIAL CARE FACILITY,WARDIE ROAD SHANDWICK STREET,267454,665794,1.02,Vacant Land and Buildings,2022,S01010122,-4.119653513294032,55.86703568692387,2022
Glasgow City,FORMER ST PHILIP'S CHURCH,BOGHALL STREET DRUMLOCHY ROAD,264625,666364,0.63,Derelict,2012,S01010177,-4.165109796148501,55.871366842504706,2012
Glasgow City,WHITEINCH BURGH HALLS,35 INCHLEE STREET,254050,667054,0.17,Vacant Land and Buildings,2022,S01010424,-4.33433724634866,55.87447373839061,2022
Glasgow City,FORMER VICTORIAS NIGHTCLUB,94 SAUCHIEHALL STREET,258901,665815,0.13,Vacant Land and Buildings,2018,S01010275,-4.256225601797985,55.864795517044186,2018
Glasgow City,GLASGOW SCHOOL OF ART/ABC,300 SAUCHIEHALL STREET,258431,665950,0.52,Vacant Land and Buildings,2018,S01010271,-4.263799792143772,55.86586967676471,2018
Glasgow City,CANAL BASIN,SOUTH OF NORTH CANAL BANK STREET.,259462,666597,1.68,Derelict,1980 or earlier,S01010297,-4.247674691073215,55.87198021861627,1980
Glasgow City,,WELLFIELD STREET CROFTBANK STREET EDGEFAULD RD.,261044,667747,0.95,Vacant Land,1980 or earlier,S01010211,-4.2230026119138175,55.88276394735379,1980
Glasgow City,EASTFIELD,WEST OF 915 SPRINGBURN RD,260259,668564,1.85,Derelict,1980 or earlier,S01010215,-4.23596325493387,55.889871810478425,1980
Glasgow City,,EAST OF 20 BYSHOT ROAD,259895,667605,5.34,Derelict,1980 or earlier,S01010224,-4.241281940327963,55.881156147213886,1980
Glasgow City,,CRAIGHALL STREET BORRON STREET.,259047,666920,0.33,Derelict,1980 or earlier,S01010220,-4.254469632762845,55.874758835473315,1980
Glasgow City,,MASTERTON STREET KEPPOCHHILL ROAD,259431,667114,0.1,Vacant Land,1980 or earlier,S01010221,-4.248438065962245,55.8766127684339,1980
Glasgow City,,W OF DARNICK ST,261387,666722,3.78,Derelict,1980 or earlier,S01010229,-4.216999064804674,55.873660227345866,1980
Glasgow City,,WEST OF 135 BALORNOCK ROAD,261475,668941,3.15,Vacant Land,1980 or earlier,S01010209,-4.2167295063137535,55.89360799374881,1980
Glasgow City,,NORTH OF PETERSHILL DRIVE,262053,667534,0.66,Vacant Land,1980 or earlier,S01010202,-4.20677711441503,55.881141702614045,1980
Glasgow City,,W OF STATION RD,264303,667898,6.16,Derelict,1980 or earlier,S01010188,-4.1710206594906545,55.88504911809147,1980
Glasgow City,,REAR OF NO 1535- 1553 CUMBERNAULD ROAD,264188,667652,0.48,Vacant Land,1980 or earlier,S01010188,-4.172734280195869,55.88280801214376,1980
Glasgow City,NOVA TECH PARK,ROBROYSTON BUSINESS PARK/ N OF THE M8.,263503,668326,7.92,Derelict,1980 or earlier,S01010188,-4.1840160955968395,55.88866570945365,1980
Glasgow City,,WEST OF 90 STATION ROAD,264023,667968,10.03,Derelict,1980 or earlier,S01010188,-4.175528690797329,55.88559861028256,1980
Glasgow City,,WEST OF NO 71 ROBROYSTON ROAD.,262860,667336,2.06,Vacant Land,1981-1985,S01010184,-4.193786865352442,55.87959450136443,1981
Glasgow City,,SOUTH OF 63 EARNOCK STREET,262473,667467,4.83,Derelict,1980 or earlier,S01010184,-4.200034579369307,55.880660289930475,1980
Glasgow City,,SOUTH OF NO 272 -396 WALLACEWELL ROAD.,262622,668754,10.45,Derelict,1980 or earlier,S01010196,-4.198308077231218,55.89225779672985,1980
Glasgow City,,SOUTH OF 36 MOORFOOT ST,263187,664819,1.45,Derelict,1980 or earlier,S01010149,-4.187292848129249,55.857089091464935,1980
Glasgow City,,WEST OF DEE ST,262523,665891,1.46,Derelict,1980 or earlier,S01010241,-4.198435920789452,55.86652485823708,1980
Glasgow City,,SOUTH OF 10 CASTLELAW ST,262669,665505,1.57,Derelict,1981-1985,S01010152,-4.195909156771556,55.86310088084395,1981
Glasgow City,C'MICAL WKS SITE,DUKE STREET / NETHERHOUSE ST,262026,664889,1.48,Derelict,1980 or earlier,S01010245,-4.205861192152767,55.85738662578043,1980
Glasgow City,,WEST OF NO 83 TODD STREET.,262331,665011,1.61,Derelict,1981-1985,S01010245,-4.2010544787080795,55.85856918434222,1981
Glasgow City,,WEST OF 5 FLEMING STREET,261851,664917,0.14,Vacant Land,1981-1985,S01010244,-4.208668948246545,55.85758788897469,1981
Glasgow City,,CRAIGMORE STREET,262270,664807,0.6,Derelict,1980 or earlier,S01010148,-4.201924598507346,55.85672019452583,1980
Glasgow City,,W OF 24 TODD ST,262300,664881,0.62,Derelict,1980 or earlier,S01010148,-4.201483307736025,55.85739315637272,1980
Glasgow City,,CHARLOTTE ST/ LONDON ROAD/ GREENDYKE ST,259871,664559,0.68,Derelict,1981-1985,S01010039,-4.240089823842118,55.85380219288467,1981
Glasgow City,,FIELDEN ST / CROWNPOINT ST,261492,664372,0.71,Vacant Land,1981-1985,S01010245,-4.21412118916083,55.852591753133865,1981
Glasgow City,,BIGGAR ST NORTH,262134,664740,0.81,Derelict,1981-1985,S01010245,-4.2040614358940465,55.85607977252008,1981
Glasgow City,DALMARNOCK RIVERSIDE,SOUTH OF STRATH- CLYDE ST/WEST OF DALMARNOCK RD,261624,662762,1.59,Vacant Land,1980 or earlier,S01010046,-4.211193196402089,55.838174749508234,1980
Glasgow City,,WEST OF 140 POPLIN STREET,260931,663243,0.47,Vacant Land,1980 or earlier,S01010046,-4.222496336072168,55.84229393175243,1980
Glasgow City,,S OF FRENCH ST/ E OF MARTIN ST/ N OF COLVEND,260959,663123,0.36,Vacant Land,1980 or earlier,S01010046,-4.221988070543853,55.841224627401786,1980
Glasgow City,PARKHEAD FORGE 3,SOUTH OF 279 SHETTLESTON ROAD,262958,664388,1.39,Derelict,1981-1985,S01010148,-4.1907304964241,55.853154381827466,1981
Glasgow City,,CARNTYNEHALL RD OLD SHETT.ROAD,263663,664447,0.96,Derelict,1981-1985,S01010147,-4.179507417903128,55.853884009879884,1981
Glasgow City,,S OF CLYDEHOLM ROAD,253764,666587,0.57,Derelict,1980 or earlier,S01010424,-4.338652063490928,55.87019456845151,1980
Glasgow City,,E OF BRAIDFAULD STREET,263927,662962,1.51,Derelict,1981-1985,S01010064,-4.174548618315239,55.84062564597843,1981
Glasgow City,,NORTH OF 3 GRANTLEA GROVE,265723,663770,0.26,Derelict,1980 or earlier,S01010081,-4.146290594229262,55.84838374082173,1980
Glasgow City,KENMUIR TIP.,SOUTH OF 85 HAMILTON ROAD.,265313,662672,6.12,Derelict,1980 or earlier,S01010074,-4.1522890248384074,55.8384109211755,1980
Glasgow City,,MOSSVALE ROAD/ MOSSVALE CRES.,265026,666752,0.82,Vacant Land,1981-1985,S01010169,-4.15889958994278,55.87496301433915,1981
Glasgow City,,COLTNESS ST / SUMMERLEE ST,265290,665594,0.55,Vacant Land,1981-1985,S01010129,-4.154107473533424,55.864639804749956,1981
Glasgow City,QUEENS IND EST.,SUMMERLEE STREET,265280,665424,1.36,Vacant Land,1981-1985,S01010129,-4.154182619114501,55.8631106603444,1981
Glasgow City,,NORTH OF COLTNESS LANE,265715,665477,0.16,Vacant Land,1981-1985,S01010129,-4.147263774275232,55.863707942473,1981
Glasgow City,,N OF HAMILTON RD,268034,662325,0.17,Vacant Land,1981-1985,S01010091,-4.108704079186984,55.836047442891484,1981
Glasgow City,,E OF KENMUIR RD,265891,661937,23.17,Derelict,1981-1985,S01010091,-4.142703536156617,55.83197268716918,1981
Glasgow City,B'GY MINNIE POND,WEST OF 40 GARDENSIDE PL,264568,661502,3.52,Vacant Land,1981-1985,S01010071,-4.16359226127535,55.827697452350534,1981
Glasgow City,,NORTH OF 11 BUCKINGHAM DR.,264800,662029,0.34,Vacant Land,1981-1985,S01010071,-4.160153975971991,55.83249420259815,1981
